category,molecule,formula,energy_eV,sigma_a0_2
Alkanes,Methane,CH4,25.0,6.373655721932093
Alkanes,Methane,CH4,25.75,6.621924843302943
Alkanes,Methane,CH4,26.5,6.8751766976747914
Alkanes,Methane,CH4,27.25,7.126176966389712
Alkanes,Methane,CH4,28.0,7.375964934361133
Alkanes,Methane,CH4,28.75,7.611534332470423
Alkanes,Methane,CH4,29.5,7.852220087269046
Alkanes,Methane,CH4,30.25,8.075064958876242
Alkanes,Methane,CH4,31.0,8.273739136246535
Alkanes,Methane,CH4,31.75,8.438325891081893
Alkanes,Methane,CH4,32.5,8.609260445435787
Alkanes,Methane,CH4,33.25,8.793162560378653
Alkanes,Methane,CH4,34.0,8.95603173507389
Alkanes,Methane,CH4,34.75,9.12028220514239
Alkanes,Methane,CH4,35.5,9.271822901271724
Alkanes,Methane,CH4,36.25,9.41331448734242
Alkanes,Methane,CH4,37.0,9.552170579106171
Alkanes,Methane,CH4,37.75,9.686115546237394
Alkanes,Methane,CH4,38.5,9.832757342762251
Alkanes,Methane,CH4,39.25,9.956178358762159
Alkanes,Methane,CH4,40.0,10.096700432364498
Alkanes,Methane,CH4,40.75,10.219868300789855
Alkanes,Methane,CH4,41.5,10.333033757801937
Alkanes,Methane,CH4,42.25,10.433137217842479
Alkanes,Methane,CH4,43.0,10.575928506737435
Alkanes,Methane,CH4,43.75,10.69574514923982
Alkanes,Methane,CH4,44.5,10.813871734166367
Alkanes,Methane,CH4,45.25,10.894695597797243
Alkanes,Methane,CH4,46.0,10.995028502541755
Alkanes,Methane,CH4,46.75,11.077148966984833
Alkanes,Methane,CH4,47.5,11.119361123520317
Alkanes,Methane,CH4,48.25,11.205022265637465
Alkanes,Methane,CH4,49.0,11.293531974731701
Alkanes,Methane,CH4,49.75,11.361118145533682
Alkanes,Methane,CH4,50.5,11.40679873831496
Alkanes,Methane,CH4,51.25,11.456015822449332
Alkanes,Methane,CH4,52.0,11.521818052816647
Alkanes,Methane,CH4,52.75,11.583337662444272
Alkanes,Methane,CH4,53.5,11.637659609523148
Alkanes,Methane,CH4,54.25,11.687294926164334
Alkanes,Methane,CH4,55.0,11.733152048944302
Alkanes,Methane,CH4,55.75,11.780314550504102
Alkanes,Methane,CH4,56.5,11.80592590669921
Alkanes,Methane,CH4,57.25,11.863826269495553
Alkanes,Methane,CH4,58.0,11.915097658058652
Alkanes,Methane,CH4,58.75,11.954138348015363
Alkanes,Methane,CH4,59.5,11.990444790501103
Alkanes,Methane,CH4,60.25,12.029541017166911
Alkanes,Methane,CH4,61.0,12.062090083264481
Alkanes,Methane,CH4,61.75,12.100045648040044
Alkanes,Methane,CH4,62.5,12.12575152925087
Alkanes,Methane,CH4,63.25,12.138374711290298
Alkanes,Methane,CH4,64.0,12.161132617121327
Alkanes,Methane,CH4,64.75,12.183640320834092
Alkanes,Methane,CH4,65.5,12.203175620032313
Alkanes,Methane,CH4,66.25,12.21295165257471
Alkanes,Methane,CH4,67.0,12.234524167853305
Alkanes,Methane,CH4,67.75,12.259516027351237
Alkanes,Methane,CH4,68.5,12.266359888534911
Alkanes,Methane,CH4,69.25,12.283051415340072
Alkanes,Methane,CH4,70.0,12.320514387817369
Alkanes,Methane,CH4,70.75,12.327479263436596
Alkanes,Methane,CH4,71.5,12.345117198116686
Alkanes,Methane,CH4,72.25,12.341933998321236
Alkanes,Methane,CH4,73.0,12.38869271985846
Alkanes,Methane,CH4,73.75,12.374238585398516
Alkanes,Methane,CH4,74.5,12.390053939374464
Alkanes,Methane,CH4,75.25,12.40005358067229
Alkanes,Methane,CH4,76.0,12.404437508949686
Alkanes,Methane,CH4,76.75,12.432174460796865
Alkanes,Methane,CH4,77.5,12.451957669120546
Alkanes,Methane,CH4,78.25,12.459594808953206
Alkanes,Methane,CH4,79.0,12.475391366091978
Alkanes,Methane,CH4,79.75,12.474591704142302
Alkanes,Methane,CH4,80.5,12.470685753996234
Alkanes,Methane,CH4,81.25,12.484180805534972
Alkanes,Methane,CH4,82.0,12.50845811736204
Alkanes,Methane,CH4,82.75,12.483574865423964
Alkanes,Methane,CH4,83.5,12.504987056866701
Alkanes,Methane,CH4,84.25,12.507961919574594
Alkanes,Methane,CH4,85.0,12.490744707029393
Alkanes,Methane,CH4,85.75,12.485793664212268
Alkanes,Methane,CH4,86.5,12.505048959588525
Alkanes,Methane,CH4,87.25,12.5077204571417
Alkanes,Methane,CH4,88.0,12.504758647410757
Alkanes,Methane,CH4,88.75,12.513331184605557
Alkanes,Methane,CH4,89.5,12.520947121774071
Alkanes,Methane,CH4,90.25,12.49222157409481
Alkanes,Methane,CH4,91.0,12.504007085201069
Alkanes,Methane,CH4,91.75,12.492907718480899
Alkanes,Methane,CH4,92.5,12.516860736043606
Alkanes,Methane,CH4,93.25,12.500092680115166
Alkanes,Methane,CH4,94.0,12.497110592467388
Alkanes,Methane,CH4,94.75,12.500141323424836
Alkanes,Methane,CH4,95.5,12.491055779619018
Alkanes,Methane,CH4,96.25,12.485144076416908
Alkanes,Methane,CH4,97.0,12.479509849641312
Alkanes,Methane,CH4,97.75,12.457682095575416
Alkanes,Methane,CH4,98.5,12.467616883710757
Alkanes,Methane,CH4,99.25,12.4551661263806
Alkanes,Methane,CH4,100.0,12.446455758285836
Alkanes,Ethane,C2H6,25.0,12.092476147936258
Alkanes,Ethane,C2H6,25.75,12.530946060449686
Alkanes,Ethane,C2H6,26.5,12.954455127752688
Alkanes,Ethane,C2H6,27.25,13.359444023938646
Alkanes,Ethane,C2H6,28.0,13.786819250957246
Alkanes,Ethane,C2H6,28.75,14.195473871142674
Alkanes,Ethane,C2H6,29.5,14.63356630719199
Alkanes,Ethane,C2H6,30.25,14.997956701692578
Alkanes,Ethane,C2H6,31.0,15.336476012020322
Alkanes,Ethane,C2H6,31.75,15.657185372394391
Alkanes,Ethane,C2H6,32.5,15.988580266650967
Alkanes,Ethane,C2H6,33.25,16.29753479654687
Alkanes,Ethane,C2H6,34.0,16.624710609635507
Alkanes,Ethane,C2H6,34.75,16.924704930404474
Alkanes,Ethane,C2H6,35.5,17.19946783591689
Alkanes,Ethane,C2H6,36.25,17.456595070738626
Alkanes,Ethane,C2H6,37.0,17.702558220386805
Alkanes,Ethane,C2H6,37.75,17.961203852791503
Alkanes,Ethane,C2H6,38.5,18.210985136065037
Alkanes,Ethane,C2H6,39.25,18.47658569913623
Alkanes,Ethane,C2H6,40.0,18.693652516424045
Alkanes,Ethane,C2H6,40.75,18.8827868132918
Alkanes,Ethane,C2H6,41.5,19.103519653487893
Alkanes,Ethane,C2H6,42.25,19.280707695097675
Alkanes,Ethane,C2H6,43.0,19.49385303919694
Alkanes,Ethane,C2H6,43.75,19.700587319203265
Alkanes,Ethane,C2H6,44.5,19.870706407796376
Alkanes,Ethane,C2H6,45.25,20.062917159698138
Alkanes,Ethane,C2H6,46.0,20.214488679448042
Alkanes,Ethane,C2H6,46.75,20.362362019806305
Alkanes,Ethane,C2H6,47.5,20.504285520744006
Alkanes,Ethane,C2H6,48.25,20.61626135968851
Alkanes,Ethane,C2H6,49.0,20.78851503254001
Alkanes,Ethane,C2H6,49.75,20.93650594553186
Alkanes,Ethane,C2H6,50.5,21.034301397630266
Alkanes,Ethane,C2H6,51.25,21.154965111213258
Alkanes,Ethane,C2H6,52.0,21.236618584112
Alkanes,Ethane,C2H6,52.75,21.360441180118393
Alkanes,Ethane,C2H6,53.5,21.462537576191657
Alkanes,Ethane,C2H6,54.25,21.565575233492037
Alkanes,Ethane,C2H6,55.0,21.650533051332527
Alkanes,Ethane,C2H6,55.75,21.764857059678
Alkanes,Ethane,C2H6,56.5,21.84907454333504
Alkanes,Ethane,C2H6,57.25,21.927507012913367
Alkanes,Ethane,C2H6,58.0,22.009792967521783
Alkanes,Ethane,C2H6,58.75,22.083074521286466
Alkanes,Ethane,C2H6,59.5,22.187840595559322
Alkanes,Ethane,C2H6,60.25,22.259025090828786
Alkanes,Ethane,C2H6,61.0,22.333857847058322
Alkanes,Ethane,C2H6,61.75,22.38683699559847
Alkanes,Ethane,C2H6,62.5,22.466245240622307
Alkanes,Ethane,C2H6,63.25,22.531370320150554
Alkanes,Ethane,C2H6,64.0,22.59983509252609
Alkanes,Ethane,C2H6,64.75,22.666137968042996
Alkanes,Ethane,C2H6,65.5,22.709308537732994
Alkanes,Ethane,C2H6,66.25,22.769436892996215
Alkanes,Ethane,C2H6,67.0,22.82191826236339
Alkanes,Ethane,C2H6,67.75,22.841010229725892
Alkanes,Ethane,C2H6,68.5,22.904983811572855
Alkanes,Ethane,C2H6,69.25,22.974264436625376
Alkanes,Ethane,C2H6,70.0,22.998644806324826
Alkanes,Ethane,C2H6,70.75,23.028156951293283
Alkanes,Ethane,C2H6,71.5,23.066330867310032
Alkanes,Ethane,C2H6,72.25,23.125108033635183
Alkanes,Ethane,C2H6,73.0,23.149993443873036
Alkanes,Ethane,C2H6,73.75,23.203332913421477
Alkanes,Ethane,C2H6,74.5,23.246151618888504
Alkanes,Ethane,C2H6,75.25,23.27984844324128
Alkanes,Ethane,C2H6,76.0,23.308005567146704
Alkanes,Ethane,C2H6,76.75,23.329700779498808
Alkanes,Ethane,C2H6,77.5,23.367967526189553
Alkanes,Ethane,C2H6,78.25,23.406644357062913
Alkanes,Ethane,C2H6,79.0,23.430513239804103
Alkanes,Ethane,C2H6,79.75,23.48212961946266
Alkanes,Ethane,C2H6,80.5,23.48665309048215
Alkanes,Ethane,C2H6,81.25,23.496177263170484
Alkanes,Ethane,C2H6,82.0,23.508806506648746
Alkanes,Ethane,C2H6,82.75,23.53796273022396
Alkanes,Ethane,C2H6,83.5,23.540307708913446
Alkanes,Ethane,C2H6,84.25,23.54202509399173
Alkanes,Ethane,C2H6,85.0,23.570047595706946
Alkanes,Ethane,C2H6,85.75,23.588576775546247
Alkanes,Ethane,C2H6,86.5,23.570288016979674
Alkanes,Ethane,C2H6,87.25,23.58676944902441
Alkanes,Ethane,C2H6,88.0,23.592272172246712
Alkanes,Ethane,C2H6,88.75,23.590854740944607
Alkanes,Ethane,C2H6,89.5,23.610916238510452
Alkanes,Ethane,C2H6,90.25,23.62071205014401
Alkanes,Ethane,C2H6,91.0,23.62789970230918
Alkanes,Ethane,C2H6,91.75,23.622927677801744
Alkanes,Ethane,C2H6,92.5,23.638782920787172
Alkanes,Ethane,C2H6,93.25,23.65182856413395
Alkanes,Ethane,C2H6,94.0,23.660429409975766
Alkanes,Ethane,C2H6,94.75,23.670373714076984
Alkanes,Ethane,C2H6,95.5,23.660664120663036
Alkanes,Ethane,C2H6,96.25,23.65476764504841
Alkanes,Ethane,C2H6,97.0,23.63220670341756
Alkanes,Ethane,C2H6,97.75,23.631204194138732
Alkanes,Ethane,C2H6,98.5,23.609445262561863
Alkanes,Ethane,C2H6,99.25,23.60616536084317
Alkanes,Ethane,C2H6,100.0,23.615814933453834
Alkanes,Propane,C3H8,25.0,17.514626800834275
Alkanes,Propane,C3H8,25.75,18.112556728051246
Alkanes,Propane,C3H8,26.5,18.672992018292977
Alkanes,Propane,C3H8,27.25,19.19860054060191
Alkanes,Propane,C3H8,28.0,19.771042508700813
Alkanes,Propane,C3H8,28.75,20.312781121582017
Alkanes,Propane,C3H8,29.5,20.93183624879803
Alkanes,Propane,C3H8,30.25,21.411976528057338
Alkanes,Propane,C3H8,31.0,21.888614911870373
Alkanes,Propane,C3H8,31.75,22.35620046218761
Alkanes,Propane,C3H8,32.5,22.845795933882172
Alkanes,Propane,C3H8,33.25,23.27132735330437
Alkanes,Propane,C3H8,34.0,23.757195859900605
Alkanes,Propane,C3H8,34.75,24.18064277486942
Alkanes,Propane,C3H8,35.5,24.564936517093066
Alkanes,Propane,C3H8,36.25,24.928903451201162
Alkanes,Propane,C3H8,37.0,25.258642896635678
Alkanes,Propane,C3H8,37.75,25.632764759080747
Alkanes,Propane,C3H8,38.5,25.968635042342793
Alkanes,Propane,C3H8,39.25,26.37114722902635
Alkanes,Propane,C3H8,40.0,26.64860612619747
Alkanes,Propane,C3H8,40.75,26.879123983962156
Alkanes,Propane,C3H8,41.5,27.20216301990555
Alkanes,Propane,C3H8,42.25,27.433392270035842
Alkanes,Propane,C3H8,43.0,27.711388130148915
Alkanes,Propane,C3H8,43.75,28.00427028736971
Alkanes,Propane,C3H8,44.5,28.194093818443978
Alkanes,Propane,C3H8,45.25,28.503559970005796
Alkanes,Propane,C3H8,46.0,28.713014963722358
Alkanes,Propane,C3H8,46.75,28.930342685672393
Alkanes,Propane,C3H8,47.5,29.17049392831459
Alkanes,Propane,C3H8,48.25,29.29506941843643
Alkanes,Propane,C3H8,49.0,29.57363260771001
Alkanes,Propane,C3H8,49.75,29.805582298772148
Alkanes,Propane,C3H8,50.5,29.94323842750224
Alkanes,Propane,C3H8,51.25,30.143784338061
Alkanes,Propane,C3H8,52.0,30.22788297536957
Alkanes,Propane,C3H8,52.75,30.423724490173257
Alkanes,Propane,C3H8,53.5,30.571362688960445
Alkanes,Propane,C3H8,54.25,30.727979571086067
Alkanes,Propane,C3H8,55.0,30.842284344946187
Alkanes,Propane,C3H8,55.75,31.039085407297105
Alkanes,Propane,C3H8,56.5,31.18263412128506
Alkanes,Propane,C3H8,57.25,31.278882236868814
Alkanes,Propane,C3H8,58.0,31.390239643377775
Alkanes,Propane,C3H8,58.75,31.489226290405213
Alkanes,Propane,C3H8,59.5,31.677997780584832
Alkanes,Propane,C3H8,60.25,31.778159767764713
Alkanes,Propane,C3H8,61.0,31.900038052983405
Alkanes,Propane,C3H8,61.75,31.96230643185359
Alkanes,Propane,C3H8,62.5,32.103921777700926
Alkanes,Propane,C3H8,63.25,32.21895397540677
Alkanes,Propane,C3H8,64.0,32.33667213305965
Alkanes,Propane,C3H8,64.75,32.45052483481073
Alkanes,Propane,C3H8,65.5,32.51397237502372
Alkanes,Propane,C3H8,66.25,32.632595782219404
Alkanes,Propane,C3H8,67.0,32.72067729297904
Alkanes,Propane,C3H8,67.75,32.71525571983383
Alkanes,Propane,C3H8,68.5,32.84220705950404
Alkanes,Propane,C3H8,69.25,32.982683022183494
Alkanes,Propane,C3H8,70.0,32.9822511478168
Alkanes,Propane,C3H8,70.75,33.025608492083556
Alkanes,Propane,C3H8,71.5,33.08380761639278
Alkanes,Propane,C3H8,72.25,33.22180934800941
Alkanes,Propane,C3H8,73.0,33.222203269605124
Alkanes,Propane,C3H8,73.75,33.35225784471196
Alkanes,Propane,C3H8,74.5,33.42652269695636
Alkanes,Propane,C3H8,75.25,33.48463072213093
Alkanes,Propane,C3H8,76.0,33.53335185180433
Alkanes,Propane,C3H8,76.75,33.5416262464464
Alkanes,Propane,C3H8,77.5,33.609699162446645
Alkanes,Propane,C3H8,78.25,33.684761440520084
Alkanes,Propane,C3H8,79.0,33.71102436058352
Alkanes,Propane,C3H8,79.75,33.832337089324
Alkanes,Propane,C3H8,80.5,33.83171805928718
Alkanes,Propane,C3H8,81.25,33.84220969219474
Alkanes,Propane,C3H8,82.0,33.84820067072185
Alkanes,Propane,C3H8,82.75,33.93499540158608
Alkanes,Propane,C3H8,83.5,33.91554459911624
Alkanes,Propane,C3H8,84.25,33.91285972716397
Alkanes,Propane,C3H8,85.0,33.99511795083198
Alkanes,Propane,C3H8,85.75,34.04587038953528
Alkanes,Propane,C3H8,86.5,33.97782734359322
Alkanes,Propane,C3H8,87.25,34.014355378909606
Alkanes,Propane,C3H8,88.0,34.0277294141909
Alkanes,Propane,C3H8,88.75,34.013410283552794
Alkanes,Propane,C3H8,89.5,34.05969931582628
Alkanes,Propane,C3H8,90.25,34.10954329364402
Alkanes,Propane,C3H8,91.0,34.11388343990521
Alkanes,Propane,C3H8,91.75,34.11197835141929
Alkanes,Propane,C3H8,92.5,34.13361250324836
Alkanes,Propane,C3H8,93.25,34.1822521290464
Alkanes,Propane,C3H8,94.0,34.213777389437624
Alkanes,Propane,C3H8,94.75,34.237091308654186
Alkanes,Propane,C3H8,95.5,34.22854985208924
Alkanes,Propane,C3H8,96.25,34.22533127800879
Alkanes,Propane,C3H8,97.0,34.18369886004126
Alkanes,Propane,C3H8,97.75,34.212525200437554
Alkanes,Propane,C3H8,98.5,34.15264351170535
Alkanes,Propane,C3H8,99.25,34.173245292914906
Alkanes,Propane,C3H8,100.0,34.20991380032591
Alkanes,Butane,C4H10,25.0,22.580612331856255
Alkanes,Butane,C4H10,25.75,23.305750295860864
Alkanes,Butane,C4H10,26.5,23.982208791479596
Alkanes,Butane,C4H10,27.25,24.61097404577925
Alkanes,Butane,C4H10,28.0,25.302377606037535
Alkanes,Butane,C4H10,28.75,25.94776814417588
Alkanes,Butane,C4H10,29.5,26.711511599476175
Alkanes,Butane,C4H10,30.25,27.29945028565481
Alkanes,Butane,C4H10,31.0,27.912320696410156
Alkanes,Butane,C4H10,31.75,28.5093382881604
Alkanes,Butane,C4H10,32.5,29.14219555994911
Alkanes,Butane,C4H10,33.25,29.69040365150442
Alkanes,Butane,C4H10,34.0,30.314732248771215
Alkanes,Butane,C4H10,34.75,30.855367376308866
Alkanes,Butane,C4H10,35.5,31.338258136209067
Alkanes,Butane,C4H10,36.25,31.79617449246419
Alkanes,Butane,C4H10,37.0,32.1935407479729
Alkanes,Butane,C4H10,37.75,32.66398815827445
Alkanes,Butane,C4H10,38.5,33.07977747376983
Alkanes,Butane,C4H10,39.25,33.590776997255404
Alkanes,Butane,C4H10,40.0,33.928012813216434
Alkanes,Butane,C4H10,40.75,34.19905707215479
Alkanes,Butane,C4H10,41.5,34.59940770751445
Alkanes,Butane,C4H10,42.25,34.86859579412557
Alkanes,Butane,C4H10,43.0,35.208197220645204
Alkanes,Butane,C4H10,43.75,35.57403657553294
Alkanes,Butane,C4H10,44.5,35.78590247425359
Alkanes,Butane,C4H10,45.25,36.188543308181465
Alkanes,Butane,C4H10,46.0,36.467784070038554
Alkanes,Butane,C4H10,46.75,36.759401918150495
Alkanes,Butane,C4H10,47.5,37.077657915288505
Alkanes,Butane,C4H10,48.25,37.23733698115145
Alkanes,Butane,C4H10,49.0,37.62200279571501
Alkanes,Butane,C4H10,49.75,37.93128335367167
Alkanes,Butane,C4H10,50.5,38.10469459430707
Alkanes,Butane,C4H10,51.25,38.37440382154899
Alkanes,Butane,C4H10,52.0,38.47505631257939
Alkanes,Butane,C4H10,52.75,38.73833690195501
Alkanes,Butane,C4H10,53.5,38.92900597717391
Alkanes,Butane,C4H10,54.25,39.137559920214464
Alkanes,Butane,C4H10,55.0,39.282490671197074
Alkanes,Butane,C4H10,55.75,39.55136895933914
Alkanes,Butane,C4H10,56.5,39.74545549175571
Alkanes,Butane,C4H10,57.25,39.872851974671185
Alkanes,Butane,C4H10,58.0,40.021787891443225
Alkanes,Butane,C4H10,58.75,40.147868184951264
Alkanes,Butane,C4H10,59.5,40.41195102673942
Alkanes,Butane,C4H10,60.25,40.543051489906034
Alkanes,Butane,C4H10,61.0,40.71459161296371
Alkanes,Butane,C4H10,61.75,40.799730071872936
Alkanes,Butane,C4H10,62.5,41.00016187018239
Alkanes,Butane,C4H10,63.25,41.15627103959218
Alkanes,Butane,C4H10,64.0,41.32215496204632
Alkanes,Butane,C4H10,64.75,41.48175367617842
Alkanes,Butane,C4H10,65.5,41.571125070120765
Alkanes,Butane,C4H10,66.25,41.7395292126489
Alkanes,Butane,C4H10,67.0,41.86436246107309
Alkanes,Butane,C4H10,67.75,41.85568375410367
Alkanes,Butane,C4H10,68.5,42.028706801278126
Alkanes,Butane,C4H10,69.25,42.235297349805066
Alkanes,Butane,C4H10,70.0,42.23420009444171
Alkanes,Butane,C4H10,70.75,42.28763232265269
Alkanes,Butane,C4H10,71.5,42.36923915646501
Alkanes,Butane,C4H10,72.25,42.568886079414675
Alkanes,Butane,C4H10,73.0,42.57730445408494
Alkanes,Butane,C4H10,73.75,42.758299021292125
Alkanes,Butane,C4H10,74.5,42.86395435445141
Alkanes,Butane,C4H10,75.25,42.94406098614623
Alkanes,Butane,C4H10,76.0,43.01042755265565
Alkanes,Butane,C4H10,76.75,43.02033141952312
Alkanes,Butane,C4H10,77.5,43.12350605106564
Alkanes,Butane,C4H10,78.25,43.23031131379193
Alkanes,Butane,C4H10,79.0,43.26295483596317
Alkanes,Butane,C4H10,79.75,43.44081092201517
Alkanes,Butane,C4H10,80.5,43.43331951243864
Alkanes,Butane,C4H10,81.25,43.45716605070792
Alkanes,Butane,C4H10,82.0,43.47372498046579
Alkanes,Butane,C4H10,82.75,43.59160105775671
Alkanes,Butane,C4H10,83.5,43.569493436724485
Alkanes,Butane,C4H10,84.25,43.57097955457585
Alkanes,Butane,C4H10,85.0,43.685349380654436
Alkanes,Butane,C4H10,85.75,43.761867718406315
Alkanes,Butane,C4H10,86.5,43.66678894339139
Alkanes,Butane,C4H10,87.25,43.72516113199528
Alkanes,Butane,C4H10,88.0,43.74546425446316
Alkanes,Butane,C4H10,88.75,43.72815549553453
Alkanes,Butane,C4H10,89.5,43.80082763078703
Alkanes,Butane,C4H10,90.25,43.87253403414041
Alkanes,Butane,C4H10,91.0,43.88763419707905
Alkanes,Butane,C4H10,91.75,43.89203339351132
Alkanes,Butane,C4H10,92.5,43.94131913187615
Alkanes,Butane,C4H10,93.25,44.014033405367705
Alkanes,Butane,C4H10,94.0,44.074043331001896
Alkanes,Butane,C4H10,94.75,44.117111555398
Alkanes,Butane,C4H10,95.5,44.11501286617091
Alkanes,Butane,C4H10,96.25,44.11791849306961
Alkanes,Butane,C4H10,97.0,44.066564640627455
Alkanes,Butane,C4H10,97.75,44.11426590165761
Alkanes,Butane,C4H10,98.5,44.0343345749736
Alkanes,Butane,C4H10,99.25,44.078283302969105
Alkanes,Butane,C4H10,100.0,44.13127101636028
Alkanes,Pentane,C5H12,25.0,27.236195499408122
Alkanes,Pentane,C5H12,25.75,28.055728980665016
Alkanes,Pentane,C5H12,26.5,28.83601976699479
Alkanes,Pentane,C5H12,27.25,29.56027578783963
Alkanes,Pentane,C5H12,28.0,30.349334753076754
Alkanes,Pentane,C5H12,28.75,31.077658738590053
Alkanes,Pentane,C5H12,29.5,31.93489130638323
Alkanes,Pentane,C5H12,30.25,32.635146446433325
Alkanes,Pentane,C5H12,31.0,33.38036809268171
Alkanes,Pentane,C5H12,31.75,34.0842571433395
Alkanes,Pentane,C5H12,32.5,34.836146628138444
Alkanes,Pentane,C5H12,33.25,35.52166847575545
Alkanes,Pentane,C5H12,34.0,36.25438004719833
Alkanes,Pentane,C5H12,34.75,36.91004807227688
Alkanes,Pentane,C5H12,35.5,37.48216169255465
Alkanes,Pentane,C5H12,36.25,38.01742885717247
Alkanes,Pentane,C5H12,37.0,38.472189495918954
Alkanes,Pentane,C5H12,37.75,39.01271260964981
Alkanes,Pentane,C5H12,38.5,39.50934290997284
Alkanes,Pentane,C5H12,39.25,40.084294467384574
Alkanes,Pentane,C5H12,40.0,40.490070518083115
Alkanes,Pentane,C5H12,40.75,40.81855433712449
Alkanes,Pentane,C5H12,41.5,41.25798410645127
Alkanes,Pentane,C5H12,42.25,41.555553098511474
Alkanes,Pentane,C5H12,43.0,41.952906895514474
Alkanes,Pentane,C5H12,43.75,42.36812684076317
Alkanes,Pentane,C5H12,44.5,42.63034000727075
Alkanes,Pentane,C5H12,45.25,43.08186746153701
Alkanes,Pentane,C5H12,46.0,43.44377512790093
Alkanes,Pentane,C5H12,46.75,43.814480081041175
Alkanes,Pentane,C5H12,47.5,44.18025497708134
Alkanes,Pentane,C5H12,48.25,44.42244943883431
Alkanes,Pentane,C5H12,49.0,44.894079715808495
Alkanes,Pentane,C5H12,49.75,45.2671174175224
Alkanes,Pentane,C5H12,50.5,45.47996750838471
Alkanes,Pentane,C5H12,51.25,45.794392860766926
Alkanes,Pentane,C5H12,52.0,45.944545805996064
Alkanes,Pentane,C5H12,52.75,46.259421224502795
Alkanes,Pentane,C5H12,53.5,46.49021296831275
Alkanes,Pentane,C5H12,54.25,46.747857488311965
Alkanes,Pentane,C5H12,55.0,46.933375809726364
Alkanes,Pentane,C5H12,55.75,47.244770066190604
Alkanes,Pentane,C5H12,56.5,47.475121354071376
Alkanes,Pentane,C5H12,57.25,47.657090254694005
Alkanes,Pentane,C5H12,58.0,47.85896000895894
Alkanes,Pentane,C5H12,58.75,48.02130287094351
Alkanes,Pentane,C5H12,59.5,48.33416171089318
Alkanes,Pentane,C5H12,60.25,48.501361315259324
Alkanes,Pentane,C5H12,61.0,48.723021196755404
Alkanes,Pentane,C5H12,61.75,48.85728700121584
Alkanes,Pentane,C5H12,62.5,49.104276226170775
Alkanes,Pentane,C5H12,63.25,49.28953410123424
Alkanes,Pentane,C5H12,64.0,49.4989534223532
Alkanes,Pentane,C5H12,64.75,49.69822986984059
Alkanes,Pentane,C5H12,65.5,49.82539704014153
Alkanes,Pentane,C5H12,66.25,50.02309450640742
Alkanes,Pentane,C5H12,67.0,50.182534914236214
Alkanes,Pentane,C5H12,67.75,50.22087022862072
Alkanes,Pentane,C5H12,68.5,50.40780543806308
Alkanes,Pentane,C5H12,69.25,50.65726911929514
Alkanes,Pentane,C5H12,70.0,50.70396504040053
Alkanes,Pentane,C5H12,70.75,50.76833663871492
Alkanes,Pentane,C5H12,71.5,50.87935817543427
Alkanes,Pentane,C5H12,72.25,51.09836908167073
Alkanes,Pentane,C5H12,73.0,51.16937129598175
Alkanes,Pentane,C5H12,73.75,51.35274610036271
Alkanes,Pentane,C5H12,74.5,51.48599753798482
Alkanes,Pentane,C5H12,75.25,51.58359629271869
Alkanes,Pentane,C5H12,76.0,51.66603772148977
Alkanes,Pentane,C5H12,76.75,51.70806832287367
Alkanes,Pentane,C5H12,77.5,51.84559580682638
Alkanes,Pentane,C5H12,78.25,51.972638377833064
Alkanes,Pentane,C5H12,79.0,52.022726972666135
Alkanes,Pentane,C5H12,79.75,52.22233473584474
Alkanes,Pentane,C5H12,80.5,52.21669220334497
Alkanes,Pentane,C5H12,81.25,52.26995993409784
Alkanes,Pentane,C5H12,82.0,52.32065383683223
Alkanes,Pentane,C5H12,82.75,52.42449736089018
Alkanes,Pentane,C5H12,83.5,52.43278077893426
Alkanes,Pentane,C5H12,84.25,52.45529543441612
Alkanes,Pentane,C5H12,85.0,52.55882965559206
Alkanes,Pentane,C5H12,85.75,52.643942034039306
Alkanes,Pentane,C5H12,86.5,52.56837597726779
Alkanes,Pentane,C5H12,87.25,52.64725642680729
Alkanes,Pentane,C5H12,88.0,52.67393292526605
Alkanes,Pentane,C5H12,88.75,52.67226175085143
Alkanes,Pentane,C5H12,89.5,52.76016551737596
Alkanes,Pentane,C5H12,90.25,52.82426221021792
Alkanes,Pentane,C5H12,91.0,52.87153156851284
Alkanes,Pentane,C5H12,91.75,52.89098878562411
Alkanes,Pentane,C5H12,92.5,52.99255675841659
Alkanes,Pentane,C5H12,93.25,53.06667356013832
Alkanes,Pentane,C5H12,94.0,53.1556526156346
Alkanes,Pentane,C5H12,94.75,53.22430144735146
Alkanes,Pentane,C5H12,95.5,53.23665982244481
Alkanes,Pentane,C5H12,96.25,53.24999505258685
Alkanes,Pentane,C5H12,97.0,53.20632356588834
Alkanes,Pentane,C5H12,97.75,53.248618819820656
Alkanes,Pentane,C5H12,98.5,53.18349934404198
Alkanes,Pentane,C5H12,99.25,53.238501532875375
Alkanes,Pentane,C5H12,100.0,53.28370462120563
Alkanes,Hexane,C6H14,25.0,31.442881792712985
Alkanes,Hexane,C6H14,25.75,32.32463296198885
Alkanes,Hexane,C6H14,26.5,33.20284576380962
Alkanes,Hexane,C6H14,27.25,34.019545581371354
Alkanes,Hexane,C6H14,28.0,34.88922606348855
Alkanes,Hexane,C6H14,28.75,35.686675139701634
Alkanes,Hexane,C6H14,29.5,36.57745145110713
Alkanes,Hexane,C6H14,30.25,37.40197881999981
Alkanes,Hexane,C6H14,31.0,38.27298049071214
Alkanes,Hexane,C6H14,31.75,39.05870707675622
Alkanes,Hexane,C6H14,32.5,39.89981660513869
Alkanes,Hexane,C6H14,33.25,40.74083274563699
Alkanes,Hexane,C6H14,34.0,41.546502520877816
Alkanes,Hexane,C6H14,34.75,42.31755863965519
Alkanes,Hexane,C6H14,35.5,42.970434169899214
Alkanes,Hexane,C6H14,36.25,43.564086222570765
Alkanes,Hexane,C6H14,37.0,44.070138400031496
Alkanes,Hexane,C6H14,37.75,44.65078279128753
Alkanes,Hexane,C6H14,38.5,45.23327264758673
Alkanes,Hexane,C6H14,39.25,45.81898376093997
Alkanes,Hexane,C6H14,40.0,46.30582146574855
Alkanes,Hexane,C6H14,40.75,46.720913650441155
Alkanes,Hexane,C6H14,41.5,47.15465321923011
Alkanes,Hexane,C6H14,42.25,47.476241906191696
Alkanes,Hexane,C6H14,43.0,47.92516714137274
Alkanes,Hexane,C6H14,43.75,48.358731630743904
Alkanes,Hexane,C6H14,44.5,48.71671202574157
Alkanes,Hexane,C6H14,45.25,49.16239255894962
Alkanes,Hexane,C6H14,46.0,49.61727861313969
Alkanes,Hexane,C6H14,46.75,50.07102774432507
Alkanes,Hexane,C6H14,47.5,50.45009891723727
Alkanes,Hexane,C6H14,48.25,50.835825177668205
Alkanes,Hexane,C6H14,49.0,51.36154279843517
Alkanes,Hexane,C6H14,49.75,51.78079750726671
Alkanes,Hexane,C6H14,50.5,52.04329472598243
Alkanes,Hexane,C6H14,51.25,52.3700068751146
Alkanes,Hexane,C6H14,52.0,52.61263668098111
Alkanes,Hexane,C6H14,52.75,52.9558028948382
Alkanes,Hexane,C6H14,53.5,53.22306027013769
Alkanes,Hexane,C6H14,54.25,53.526644305977555
Alkanes,Hexane,C6H14,55.0,53.76848928607746
Alkanes,Hexane,C6H14,55.75,54.08060590315083
Alkanes,Hexane,C6H14,56.5,54.33107445564527
Alkanes,Hexane,C6H14,57.25,54.59555735703894
Alkanes,Hexane,C6H14,58.0,54.86926560340942
Alkanes,Hexane,C6H14,58.75,55.08196411154547
Alkanes,Hexane,C6H14,59.5,55.406317617450284
Alkanes,Hexane,C6H14,60.25,55.61588663396268
Alkanes,Hexane,C6H14,61.0,55.88650888053356
Alkanes,Hexane,C6H14,61.75,56.10226672249388
Alkanes,Hexane,C6H14,62.5,56.37812691608065
Alkanes,Hexane,C6H14,63.25,56.579858231893695
Alkanes,Hexane,C6H14,64.0,56.82585844181031
Alkanes,Hexane,C6H14,64.75,57.05590846407512
Alkanes,Hexane,C6H14,65.5,57.23614866528108
Alkanes,Hexane,C6H14,66.25,57.435984515642666
Alkanes,Hexane,C6H14,67.0,57.624980907525256
Alkanes,Hexane,C6H14,67.75,57.77869486622831
Alkanes,Hexane,C6H14,68.5,57.93879736796073
Alkanes,Hexane,C6H14,69.25,58.19624520239064
Alkanes,Hexane,C6H14,70.0,58.352373472377366
Alkanes,Hexane,C6H14,70.75,58.43187183388409
Alkanes,Hexane,C6H14,71.5,58.57972732666944
Alkanes,Hexane,C6H14,72.25,58.761456106423246
Alkanes,Hexane,C6H14,73.0,58.960130782481336
Alkanes,Hexane,C6H14,73.75,59.08552708982258
Alkanes,Hexane,C6H14,74.5,59.23977658856223
Alkanes,Hexane,C6H14,75.25,59.34899892509453
Alkanes,Hexane,C6H14,76.0,59.447800337101235
Alkanes,Hexane,C6H14,76.75,59.56096696807172
Alkanes,Hexane,C6H14,77.5,59.72688222218172
Alkanes,Hexane,C6H14,78.25,59.858812676353445
Alkanes,Hexane,C6H14,79.0,59.941342739574964
Alkanes,Hexane,C6H14,79.75,60.11547459528195
Alkanes,Hexane,C6H14,80.5,60.12803194544856
Alkanes,Hexane,C6H14,81.25,60.22755009268813
Alkanes,Hexane,C6H14,82.0,60.33754472440673
Alkanes,Hexane,C6H14,82.75,60.37402367717004
Alkanes,Hexane,C6H14,83.5,60.45232702595724
Alkanes,Hexane,C6H14,84.25,60.51772629318005
Alkanes,Hexane,C6H14,85.0,60.55611331607912
Alkanes,Hexane,C6H14,85.75,60.6263841311822
Alkanes,Hexane,C6H14,86.5,60.62946242521085
Alkanes,Hexane,C6H14,87.25,60.72620246843735
Alkanes,Hexane,C6H14,88.0,60.759462245534635
Alkanes,Hexane,C6H14,88.75,60.79663588709057
Alkanes,Hexane,C6H14,89.5,60.88017236141396
Alkanes,Hexane,C6H14,90.25,60.90316559899821
Alkanes,Hexane,C6H14,91.0,61.00814472361154
Alkanes,Hexane,C6H14,91.75,61.05537077784722
Alkanes,Hexane,C6H14,92.5,61.23286345938027
Alkanes,Hexane,C6H14,93.25,61.279616496262314
Alkanes,Hexane,C6H14,94.0,61.39405160047261
Alkanes,Hexane,C6H14,94.75,61.492958441049794
Alkanes,Hexane,C6H14,95.5,61.529799658696206
Alkanes,Hexane,C6H14,96.25,61.55877596004633
Alkanes,Hexane,C6H14,97.0,61.54454247650493
Alkanes,Hexane,C6H14,97.75,61.5499622791544
Alkanes,Hexane,C6H14,98.5,61.54355276407364
Alkanes,Hexane,C6H14,99.25,61.5895179899344
Alkanes,Hexane,C6H14,100.0,61.594860531885175
Alkanes,Heptane,C7H16,25.0,35.18272194043681
Alkanes,Heptane,C7H16,25.75,36.096349154810646
Alkanes,Heptane,C7H16,26.5,37.07120038391986
Alkanes,Heptane,C7H16,27.25,37.97817947756832
Alkanes,Heptane,C7H16,28.0,38.91562367746476
Alkanes,Heptane,C7H16,28.75,39.77366229623958
Alkanes,Heptane,C7H16,29.5,40.635410118936065
Alkanes,Heptane,C7H16,30.25,41.59941846060273
Alkanes,Heptane,C7H16,31.0,42.587053322629544
Alkanes,Heptane,C7H16,31.75,43.42923078338747
Alkanes,Heptane,C7H16,32.5,44.327601114682636
Alkanes,Heptane,C7H16,33.25,45.342133913655665
Alkanes,Heptane,C7H16,34.0,46.18381219716751
Alkanes,Heptane,C7H16,34.75,47.07187289314491
Alkanes,Heptane,C7H16,35.5,47.79770039285213
Alkanes,Heptane,C7H16,36.25,48.43006858669814
Alkanes,Heptane,C7H16,37.0,48.983697954365525
Alkanes,Heptane,C7H16,37.75,49.574015029631546
Alkanes,Heptane,C7H16,38.5,50.24926111108268
Alkanes,Heptane,C7H16,39.25,50.79054279283387
Alkanes,Heptane,C7H16,40.0,51.37042392131048
Alkanes,Heptane,C7H16,40.75,51.90861043511435
Alkanes,Heptane,C7H16,41.5,52.29117176594373
Alkanes,Heptane,C7H16,42.25,52.63606523553697
Alkanes,Heptane,C7H16,43.0,53.12741677269342
Alkanes,Heptane,C7H16,43.75,53.54406705710058
Alkanes,Heptane,C7H16,44.5,54.05225349913336
Alkanes,Heptane,C7H16,45.25,54.43524155798998
Alkanes,Heptane,C7H16,46.0,54.988554823065094
Alkanes,Heptane,C7H16,46.75,55.52801158316026
Alkanes,Heptane,C7H16,47.5,55.887541955275665
Alkanes,Heptane,C7H16,48.25,56.481665960494944
Alkanes,Heptane,C7H16,49.0,57.020338139694275
Alkanes,Heptane,C7H16,49.75,57.46678502313132
Alkanes,Heptane,C7H16,50.5,57.79386222341273
Alkanes,Heptane,C7H16,51.25,58.09758901067676
Alkanes,Heptane,C7H16,52.0,58.47812541682065
Alkanes,Heptane,C7H16,52.75,58.82258771783752
Alkanes,Heptane,C7H16,53.5,59.12161918282333
Alkanes,Heptane,C7H16,54.25,59.46849508670789
Alkanes,Heptane,C7H16,55.0,59.78530753815759
Alkanes,Heptane,C7H16,55.75,60.050503167466566
Alkanes,Heptane,C7H16,56.5,60.30580627984021
Alkanes,Heptane,C7H16,57.25,60.680752687080194
Alkanes,Heptane,C7H16,58.0,61.04603120748095
Alkanes,Heptane,C7H16,58.75,61.32527062833938
Alkanes,Heptane,C7H16,59.5,61.61958893806648
Alkanes,Heptane,C7H16,60.25,61.87714515413806
Alkanes,Heptane,C7H16,61.0,62.19467307645478
Alkanes,Heptane,C7H16,61.75,62.52489280766433
Alkanes,Heptane,C7H16,62.5,62.80969654725778
Alkanes,Heptane,C7H16,63.25,63.01605883918175
Alkanes,Heptane,C7H16,64.0,63.2905080204248
Alkanes,Heptane,C7H16,64.75,63.540945910360065
Alkanes,Heptane,C7H16,65.5,63.79048706782168
Alkanes,Heptane,C7H16,66.25,63.96306682214424
Alkanes,Heptane,C7H16,67.0,64.17422400482012
Alkanes,Heptane,C7H16,67.75,64.51993809916974
Alkanes,Heptane,C7H16,68.5,64.60936652594049
Alkanes,Heptane,C7H16,69.25,64.83448261151223
Alkanes,Heptane,C7H16,70.0,65.16543316963781
Alkanes,Heptane,C7H16,70.75,65.2659593577156
Alkanes,Heptane,C7H16,71.5,65.45844643628871
Alkanes,Heptane,C7H16,72.25,65.54098597092556
Alkanes,Heptane,C7H16,73.0,65.9338188388034
Alkanes,Heptane,C7H16,73.75,65.93809767061323
Alkanes,Heptane,C7H16,74.5,66.10493069441328
Alkanes,Heptane,C7H16,75.25,66.2191024348312
Alkanes,Heptane,C7H16,76.0,66.33644065055687
Alkanes,Heptane,C7H16,76.75,66.56227538012703
Alkanes,Heptane,C7H16,77.5,66.7467106231073
Alkanes,Heptane,C7H16,78.25,66.86689176759087
Alkanes,Heptane,C7H16,79.0,66.99786620231691
Alkanes,Heptane,C7H16,79.75,67.09500228545417
Alkanes,Heptane,C7H16,80.5,67.14647298344465
Alkanes,Heptane,C7H16,81.25,67.30781112850799
Alkanes,Heptane,C7H16,82.0,67.50044311430163
Alkanes,Heptane,C7H16,82.75,67.41613457723571
Alkanes,Heptane,C7H16,83.5,67.6047341825941
Alkanes,Heptane,C7H16,84.25,67.7369922199314
Alkanes,Heptane,C7H16,85.0,67.65240491137277
Alkanes,Heptane,C7H16,85.75,67.68200123022218
Alkanes,Heptane,C7H16,86.5,67.82576065491298
Alkanes,Heptane,C7H16,87.25,67.93804260677936
Alkanes,Heptane,C7H16,88.0,67.9789490699588
Alkanes,Heptane,C7H16,88.75,68.07919342950743
Alkanes,Heptane,C7H16,89.5,68.13333496105498
Alkanes,Heptane,C7H16,90.25,68.08316619395433
Alkanes,Heptane,C7H16,91.0,68.27247180715895
Alkanes,Heptane,C7H16,91.75,68.36231390336764
Alkanes,Heptane,C7H16,92.5,68.6360386332438
Alkanes,Heptane,C7H16,93.25,68.62451113697635
Alkanes,Heptane,C7H16,94.0,68.75810652517356
Alkanes,Heptane,C7H16,94.75,68.89034138410375
Alkanes,Heptane,C7H16,95.5,68.96295123076301
Alkanes,Heptane,C7H16,96.25,69.01360344801532
Alkanes,Heptane,C7H16,97.0,69.05161087305012
Alkanes,Heptane,C7H16,97.75,68.9865633176063
Alkanes,Heptane,C7H16,98.5,69.08510119821915
Alkanes,Heptane,C7H16,99.25,69.09791277879935
Alkanes,Heptane,C7H16,100.0,69.02793377003071
Alkanes,Octane,C8H18,25.0,38.458148785889954
Alkanes,Octane,C8H18,25.75,39.376155487258124
Alkanes,Octane,C8H18,26.5,40.44971183446072
Alkanes,Octane,C8H18,27.25,41.44347485690897
Alkanes,Octane,C8H18,28.0,42.43986736327914
Alkanes,Octane,C8H18,28.75,43.353823057926505
Alkanes,Octane,C8H18,29.5,44.12644383737917
Alkanes,Octane,C8H18,30.25,45.24529328332411
Alkanes,Octane,C8H18,31.0,46.33841133685815
Alkanes,Octane,C8H18,31.75,47.21288021568598
Alkanes,Octane,C8H18,32.5,48.137174465902056
Alkanes,Octane,C8H18,33.25,49.34067472907642
Alkanes,Octane,C8H18,34.0,50.18281694443591
Alkanes,Octane,C8H18,34.75,51.18984434321321
Alkanes,Octane,C8H18,35.5,51.98141392523936
Alkanes,Octane,C8H18,36.25,52.63363263048729
Alkanes,Octane,C8H18,37.0,53.23216648365223
Alkanes,Octane,C8H18,37.75,53.80374255240019
Alkanes,Octane,C8H18,38.5,54.57897519933636
Alkanes,Octane,C8H18,39.25,55.02376858636518
Alkanes,Octane,C8H18,40.0,55.705450193884516
Alkanes,Octane,C8H18,40.75,56.40630076237378
Alkanes,Octane,C8H18,41.5,56.69578668621016
Alkanes,Octane,C8H18,42.25,57.0654667729862
Alkanes,Octane,C8H18,43.0,57.5873308743773
Alkanes,Octane,C8H18,43.75,57.95062321618649
Alkanes,Octane,C8H18,44.5,58.6657788333429
Alkanes,Octane,C8H18,45.25,58.93323165250519
Alkanes,Octane,C8H18,46.0,59.58462559629233
Alkanes,Octane,C8H18,46.75,60.21098759314809
Alkanes,Octane,C8H18,47.5,60.52269807813824
Alkanes,Octane,C8H18,48.25,61.38659863625367
Alkanes,Octane,C8H18,49.0,61.893777586687236
Alkanes,Octane,C8H18,49.75,62.34877637485095
Alkanes,Octane,C8H18,50.5,62.7581377814617
Alkanes,Octane,C8H18,51.25,63.00473444364042
Alkanes,Octane,C8H18,52.0,63.56547133362061
Alkanes,Octane,C8H18,52.75,63.88370900607964
Alkanes,Octane,C8H18,53.5,64.208725208168
Alkanes,Octane,C8H18,54.25,64.59725313399174
Alkanes,Octane,C8H18,55.0,65.00814627479001
Alkanes,Octane,C8H18,55.75,65.17814562093358
Alkanes,Octane,C8H18,56.5,65.42559020783024
Alkanes,Octane,C8H18,57.25,65.93582316205854
Alkanes,Octane,C8H18,58.0,66.41121502862886
Alkanes,Octane,C8H18,58.75,66.77296336744921
Alkanes,Octane,C8H18,59.5,66.99655746543486
Alkanes,Octane,C8H18,60.25,67.30592161279253
Alkanes,Octane,C8H18,61.0,67.66802075115253
Alkanes,Octane,C8H18,61.75,68.14235897603953
Alkanes,Octane,C8H18,62.5,68.41644659126557
Alkanes,Octane,C8H18,63.25,68.61735130619344
Alkanes,Octane,C8H18,64.0,68.91188120919246
Alkanes,Octane,C8H18,64.75,69.17197313331498
Alkanes,Octane,C8H18,65.5,69.5061382073412
Alkanes,Octane,C8H18,66.25,69.62318113234417
Alkanes,Octane,C8H18,67.0,69.84745298951091
Alkanes,Octane,C8H18,67.75,70.46205559755268
Alkanes,Octane,C8H18,68.5,70.43803827049476
Alkanes,Octane,C8H18,69.25,70.59015121186019
Alkanes,Octane,C8H18,70.0,71.15801298795563
Alkanes,Octane,C8H18,70.75,71.28578270179524
Alkanes,Octane,C8H18,71.5,71.5302893788819
Alkanes,Octane,C8H18,72.25,71.45349518341956
Alkanes,Octane,C8H18,73.0,72.101893265146
Alkanes,Octane,C8H18,73.75,71.92570613585627
Alkanes,Octane,C8H18,74.5,72.09581702953962
Alkanes,Octane,C8H18,75.25,72.20792337063013
Alkanes,Octane,C8H18,76.0,72.34757387617334
Alkanes,Octane,C8H18,76.75,72.72559756819365
Alkanes,Octane,C8H18,77.5,72.91623768045145
Alkanes,Octane,C8H18,78.25,73.00864931649164
Alkanes,Octane,C8H18,79.0,73.20285555738582
Alkanes,Octane,C8H18,79.75,73.17340105425015
Alkanes,Octane,C8H18,80.5,73.2858952966285
Alkanes,Octane,C8H18,81.25,73.5221446844353
Alkanes,Octane,C8H18,82.0,73.81681646486601
Alkanes,Octane,C8H18,82.75,73.56377513710193
Alkanes,Octane,C8H18,83.5,73.89939509941505
Alkanes,Octane,C8H18,84.25,74.12229265587288
Alkanes,Octane,C8H18,85.0,73.85925833284864
Alkanes,Octane,C8H18,85.75,73.82291780471108
Alkanes,Octane,C8H18,86.5,74.16514654876401
Alkanes,Octane,C8H18,87.25,74.29205863848675
Alkanes,Octane,C8H18,88.0,74.34242104197807
Alkanes,Octane,C8H18,88.75,74.52833050139037
Alkanes,Octane,C8H18,89.5,74.52544836347032
Alkanes,Octane,C8H18,90.25,74.37497706464463
Alkanes,Octane,C8H18,91.0,74.67397529008109
Alkanes,Octane,C8H18,91.75,74.82174130927851
Alkanes,Octane,C8H18,92.5,75.20747138692325
Alkanes,Octane,C8H18,93.25,75.10750122603037
Alkanes,Octane,C8H18,94.0,75.25233412019297
Alkanes,Octane,C8H18,94.75,75.41915465684151
Alkanes,Octane,C8H18,95.5,75.53932187547157
Alkanes,Octane,C8H18,96.25,75.61827601410243
Alkanes,Octane,C8H18,97.0,75.72986491884646
Alkanes,Octane,C8H18,97.75,75.56235759642753
Alkanes,Octane,C8H18,98.5,75.80939524450574
Alkanes,Octane,C8H18,99.25,75.76403538141261
Alkanes,Octane,C8H18,100.0,75.58346505376306
Alkenes,Ethene,C2H4,25.0,8.291198866163159
Alkenes,Ethene,C2H4,25.75,8.598070318558014
Alkenes,Ethene,C2H4,26.5,8.941885407650126
Alkenes,Ethene,C2H4,27.25,9.274374415447856
Alkenes,Ethene,C2H4,28.0,9.615321765298047
Alkenes,Ethene,C2H4,28.75,9.919097695792365
Alkenes,Ethene,C2H4,29.5,10.223630825562347
Alkenes,Ethene,C2H4,30.25,10.51617767555154
Alkenes,Ethene,C2H4,31.0,10.776637926838562
Alkenes,Ethene,C2H4,31.75,10.982810272721197
Alkenes,Ethene,C2H4,32.5,11.202698179710803
Alkenes,Ethene,C2H4,33.25,11.464817404121671
Alkenes,Ethene,C2H4,34.0,11.671626551657944
Alkenes,Ethene,C2H4,34.75,11.903271429847674
Alkenes,Ethene,C2H4,35.5,12.137766026756632
Alkenes,Ethene,C2H4,36.25,12.338433239456485
Alkenes,Ethene,C2H4,37.0,12.531615552962865
Alkenes,Ethene,C2H4,37.75,12.714468996102786
Alkenes,Ethene,C2H4,38.5,12.940404099752124
Alkenes,Ethene,C2H4,39.25,13.105248511149284
Alkenes,Ethene,C2H4,40.0,13.31041448541222
Alkenes,Ethene,C2H4,40.75,13.474537358645296
Alkenes,Ethene,C2H4,41.5,13.590024852416947
Alkenes,Ethene,C2H4,42.25,13.698513581820691
Alkenes,Ethene,C2H4,43.0,13.875497820225629
Alkenes,Ethene,C2H4,43.75,14.00260135438503
Alkenes,Ethene,C2H4,44.5,14.166325187028614
Alkenes,Ethene,C2H4,45.25,14.245503946918243
Alkenes,Ethene,C2H4,46.0,14.386215900041478
Alkenes,Ethene,C2H4,46.75,14.516785409399501
Alkenes,Ethene,C2H4,47.5,14.56617564016221
Alkenes,Ethene,C2H4,48.25,14.724484817015565
Alkenes,Ethene,C2H4,49.0,14.847547411175206
Alkenes,Ethene,C2H4,49.75,14.950900770371907
Alkenes,Ethene,C2H4,50.5,15.019565856099424
Alkenes,Ethene,C2H4,51.25,15.084875198902388
Alkenes,Ethene,C2H4,52.0,15.193641470308592
Alkenes,Ethene,C2H4,52.75,15.283795551654116
Alkenes,Ethene,C2H4,53.5,15.356135907709035
Alkenes,Ethene,C2H4,54.25,15.43093568932757
Alkenes,Ethene,C2H4,55.0,15.501386300333508
Alkenes,Ethene,C2H4,55.75,15.562850422734952
Alkenes,Ethene,C2H4,56.5,15.596729947050912
Alkenes,Ethene,C2H4,57.25,15.701475794270788
Alkenes,Ethene,C2H4,58.0,15.793078980898393
Alkenes,Ethene,C2H4,58.75,15.860026034129312
Alkenes,Ethene,C2H4,59.5,15.910834935466054
Alkenes,Ethene,C2H4,60.25,15.981935241341468
Alkenes,Ethene,C2H4,61.0,16.0556443413958
Alkenes,Ethene,C2H4,61.75,16.150035501628608
Alkenes,Ethene,C2H4,62.5,16.213196671224413
Alkenes,Ethene,C2H4,63.25,16.25586241247469
Alkenes,Ethene,C2H4,64.0,16.32085503717719
Alkenes,Ethene,C2H4,64.75,16.378089766202322
Alkenes,Ethene,C2H4,65.5,16.43118221207385
Alkenes,Ethene,C2H4,66.25,16.460914149459946
Alkenes,Ethene,C2H4,67.0,16.512510488288967
Alkenes,Ethene,C2H4,67.75,16.599546598592976
Alkenes,Ethene,C2H4,68.5,16.611745556092803
Alkenes,Ethene,C2H4,69.25,16.64731216951075
Alkenes,Ethene,C2H4,70.0,16.741122082777846
Alkenes,Ethene,C2H4,70.75,16.7799239093647
Alkenes,Ethene,C2H4,71.5,16.831512691348472
Alkenes,Ethene,C2H4,72.25,16.830436082497833
Alkenes,Ethene,C2H4,73.0,16.949467842601894
Alkenes,Ethene,C2H4,73.75,16.92448725265832
Alkenes,Ethene,C2H4,74.5,16.969994508822168
Alkenes,Ethene,C2H4,75.25,16.999342552422025
Alkenes,Ethene,C2H4,76.0,17.01672690576767
Alkenes,Ethene,C2H4,76.75,17.080037231719135
Alkenes,Ethene,C2H4,77.5,17.121439651067238
Alkenes,Ethene,C2H4,78.25,17.133159981082795
Alkenes,Ethene,C2H4,79.0,17.170428077677723
Alkenes,Ethene,C2H4,79.75,17.16910829440045
Alkenes,Ethene,C2H4,80.5,17.174753604763936
Alkenes,Ethene,C2H4,81.25,17.207070370436316
Alkenes,Ethene,C2H4,82.0,17.25747626914486
Alkenes,Ethene,C2H4,82.75,17.213053863653542
Alkenes,Ethene,C2H4,83.5,17.267778047999716
Alkenes,Ethene,C2H4,84.25,17.287162088869003
Alkenes,Ethene,C2H4,85.0,17.25111041433341
Alkenes,Ethene,C2H4,85.75,17.23813987279144
Alkenes,Ethene,C2H4,86.5,17.283448639127226
Alkenes,Ethene,C2H4,87.25,17.293497212418625
Alkenes,Ethene,C2H4,88.0,17.293263527268344
Alkenes,Ethene,C2H4,88.75,17.312800826991857
Alkenes,Ethene,C2H4,89.5,17.316775186715002
Alkenes,Ethene,C2H4,90.25,17.26756174147777
Alkenes,Ethene,C2H4,91.0,17.304040939258375
Alkenes,Ethene,C2H4,91.75,17.308014570761184
Alkenes,Ethene,C2H4,92.5,17.364453112996387
Alkenes,Ethene,C2H4,93.25,17.348164202004742
Alkenes,Ethene,C2H4,94.0,17.35942558583773
Alkenes,Ethene,C2H4,94.75,17.371270245956545
Alkenes,Ethene,C2H4,95.5,17.37003827847389
Alkenes,Ethene,C2H4,96.25,17.376869627001483
Alkenes,Ethene,C2H4,97.0,17.372801309662165
Alkenes,Ethene,C2H4,97.75,17.329643268129164
Alkenes,Ethene,C2H4,98.5,17.362898235059248
Alkenes,Ethene,C2H4,99.25,17.334426633711757
Alkenes,Ethene,C2H4,100.0,17.310991710831683
Alkenes,Prop-1-ene,C3H6,25.0,14.03455710414558
Alkenes,Prop-1-ene,C3H6,25.75,14.526394029239324
Alkenes,Prop-1-ene,C3H6,26.5,15.046674701708376
Alkenes,Prop-1-ene,C3H6,27.25,15.539822608375264
Alkenes,Prop-1-ene,C3H6,28.0,16.060872275387965
Alkenes,Prop-1-ene,C3H6,28.75,16.532695176014872
Alkenes,Prop-1-ene,C3H6,29.5,17.03373602282014
Alkenes,Prop-1-ene,C3H6,30.25,17.47173683778581
Alkenes,Prop-1-ene,C3H6,31.0,17.88155798710292
Alkenes,Prop-1-ene,C3H6,31.75,18.23611290328294
Alkenes,Prop-1-ene,C3H6,32.5,18.614463510665658
Alkenes,Prop-1-ene,C3H6,33.25,19.01419360356665
Alkenes,Prop-1-ene,C3H6,34.0,19.377172403072457
Alkenes,Prop-1-ene,C3H6,34.75,19.746811749885552
Alkenes,Prop-1-ene,C3H6,35.5,20.10654495733946
Alkenes,Prop-1-ene,C3H6,36.25,20.426765857373137
Alkenes,Prop-1-ene,C3H6,37.0,20.720554981652835
Alkenes,Prop-1-ene,C3H6,37.75,21.026638101766853
Alkenes,Prop-1-ene,C3H6,38.5,21.361728439051138
Alkenes,Prop-1-ene,C3H6,39.25,21.66194048635194
Alkenes,Prop-1-ene,C3H6,40.0,21.951016106133203
Alkenes,Prop-1-ene,C3H6,40.75,22.186699330891337
Alkenes,Prop-1-ene,C3H6,41.5,22.402691017856625
Alkenes,Prop-1-ene,C3H6,42.25,22.57946246680093
Alkenes,Prop-1-ene,C3H6,43.0,22.83642778385565
Alkenes,Prop-1-ene,C3H6,43.75,23.05388845581425
Alkenes,Prop-1-ene,C3H6,44.5,23.272751145517155
Alkenes,Prop-1-ene,C3H6,45.25,23.45347849944418
Alkenes,Prop-1-ene,C3H6,46.0,23.656465343863605
Alkenes,Prop-1-ene,C3H6,46.75,23.857293652255603
Alkenes,Prop-1-ene,C3H6,47.5,23.988210188596923
Alkenes,Prop-1-ene,C3H6,48.25,24.183646950451568
Alkenes,Prop-1-ene,C3H6,49.0,24.398882905154974
Alkenes,Prop-1-ene,C3H6,49.75,24.577857651941034
Alkenes,Prop-1-ene,C3H6,50.5,24.691212683958028
Alkenes,Prop-1-ene,C3H6,51.25,24.82529727645575
Alkenes,Prop-1-ene,C3H6,52.0,24.95676646670195
Alkenes,Prop-1-ene,C3H6,52.75,25.112371217870145
Alkenes,Prop-1-ene,C3H6,53.5,25.23078066670656
Alkenes,Prop-1-ene,C3H6,54.25,25.360321926821747
Alkenes,Prop-1-ene,C3H6,55.0,25.46743922329917
Alkenes,Prop-1-ene,C3H6,55.75,25.593538020270934
Alkenes,Prop-1-ene,C3H6,56.5,25.678932766615013
Alkenes,Prop-1-ene,C3H6,57.25,25.813072134182388
Alkenes,Prop-1-ene,C3H6,58.0,25.94151188258707
Alkenes,Prop-1-ene,C3H6,58.75,26.039063084064725
Alkenes,Prop-1-ene,C3H6,59.5,26.15831699911413
Alkenes,Prop-1-ene,C3H6,60.25,26.26157291674662
Alkenes,Prop-1-ene,C3H6,61.0,26.381902571945464
Alkenes,Prop-1-ene,C3H6,61.75,26.498186026540605
Alkenes,Prop-1-ene,C3H6,62.5,26.615537930300743
Alkenes,Prop-1-ene,C3H6,63.25,26.70128132735987
Alkenes,Prop-1-ene,C3H6,64.0,26.811919913372417
Alkenes,Prop-1-ene,C3H6,64.75,26.912804503717464
Alkenes,Prop-1-ene,C3H6,65.5,26.991883628787644
Alkenes,Prop-1-ene,C3H6,66.25,27.067527218051435
Alkenes,Prop-1-ene,C3H6,67.0,27.15134617289057
Alkenes,Prop-1-ene,C3H6,67.75,27.241329914194594
Alkenes,Prop-1-ene,C3H6,68.5,27.297363056134387
Alkenes,Prop-1-ene,C3H6,69.25,27.388805005885107
Alkenes,Prop-1-ene,C3H6,70.0,27.483609805085475
Alkenes,Prop-1-ene,C3H6,70.75,27.53678490046401
Alkenes,Prop-1-ene,C3H6,71.5,27.61045269727408
Alkenes,Prop-1-ene,C3H6,72.25,27.663809936996348
Alkenes,Prop-1-ene,C3H6,73.0,27.78575750934884
Alkenes,Prop-1-ene,C3H6,73.75,27.81022866740061
Alkenes,Prop-1-ene,C3H6,74.5,27.883537061236186
Alkenes,Prop-1-ene,C3H6,75.25,27.933391521160548
Alkenes,Prop-1-ene,C3H6,76.0,27.969207072024204
Alkenes,Prop-1-ene,C3H6,76.75,28.033524981258875
Alkenes,Prop-1-ene,C3H6,77.5,28.100913478780168
Alkenes,Prop-1-ene,C3H6,78.25,28.140396600028666
Alkenes,Prop-1-ene,C3H6,79.0,28.183982083745015
Alkenes,Prop-1-ene,C3H6,79.75,28.23064810846788
Alkenes,Prop-1-ene,C3H6,80.5,28.234611348038403
Alkenes,Prop-1-ene,C3H6,81.25,28.273882575680947
Alkenes,Prop-1-ene,C3H6,82.0,28.32731114785865
Alkenes,Prop-1-ene,C3H6,82.75,28.31585962155827
Alkenes,Prop-1-ene,C3H6,83.5,28.364322821609083
Alkenes,Prop-1-ene,C3H6,84.25,28.386975839480364
Alkenes,Prop-1-ene,C3H6,85.0,28.380256215758394
Alkenes,Prop-1-ene,C3H6,85.75,28.386995061102578
Alkenes,Prop-1-ene,C3H6,86.5,28.404565885750593
Alkenes,Prop-1-ene,C3H6,87.25,28.431528698829432
Alkenes,Prop-1-ene,C3H6,88.0,28.436552359014506
Alkenes,Prop-1-ene,C3H6,88.75,28.450291228766705
Alkenes,Prop-1-ene,C3H6,89.5,28.47003477681726
Alkenes,Prop-1-ene,C3H6,90.25,28.442509622859436
Alkenes,Prop-1-ene,C3H6,91.0,28.48201081068312
Alkenes,Prop-1-ene,C3H6,91.75,28.487482352826007
Alkenes,Prop-1-ene,C3H6,92.5,28.554176774190605
Alkenes,Prop-1-ene,C3H6,93.25,28.554378548051893
Alkenes,Prop-1-ene,C3H6,94.0,28.580947552511983
Alkenes,Prop-1-ene,C3H6,94.75,28.600869561070514
Alkenes,Prop-1-ene,C3H6,95.5,28.600458798602297
Alkenes,Prop-1-ene,C3H6,96.25,28.607480836663047
Alkenes,Prop-1-ene,C3H6,97.0,28.58859841804948
Alkenes,Prop-1-ene,C3H6,97.75,28.557138223555523
Alkenes,Prop-1-ene,C3H6,98.5,28.566241962339863
Alkenes,Prop-1-ene,C3H6,99.25,28.548910219811155
Alkenes,Prop-1-ene,C3H6,100.0,28.534974777527207
Alkenes,But-1-ene,C4H8,25.0,19.423938129515257
Alkenes,But-1-ene,C4H8,25.75,20.067569416530723
Alkenes,But-1-ene,C4H8,26.5,20.730250882641702
Alkenes,But-1-ene,C4H8,27.25,21.347730459396995
Alkenes,But-1-ene,C4H8,28.0,22.014880618286316
Alkenes,But-1-ene,C4H8,28.75,22.616164176869063
Alkenes,But-1-ene,C4H8,29.5,23.287775759893176
Alkenes,But-1-ene,C4H8,30.25,23.847231714479232
Alkenes,But-1-ene,C4H8,31.0,24.400356652735447
Alkenes,But-1-ene,C4H8,31.75,24.893072749172333
Alkenes,But-1-ene,C4H8,32.5,25.423548313137722
Alkenes,But-1-ene,C4H8,33.25,25.951643543751803
Alkenes,But-1-ene,C4H8,34.0,26.462226674694936
Alkenes,But-1-ene,C4H8,34.75,26.957900488235218
Alkenes,But-1-ene,C4H8,35.5,27.427383372424515
Alkenes,But-1-ene,C4H8,36.25,27.854436102120196
Alkenes,But-1-ene,C4H8,37.0,28.226803475787587
Alkenes,But-1-ene,C4H8,37.75,28.643140544336408
Alkenes,But-1-ene,C4H8,38.5,29.06970165095501
Alkenes,But-1-ene,C4H8,39.25,29.493782711538206
Alkenes,But-1-ene,C4H8,40.0,29.849041435861103
Alkenes,But-1-ene,C4H8,40.75,30.138055543869843
Alkenes,But-1-ene,C4H8,41.5,30.445135335159925
Alkenes,But-1-ene,C4H8,42.25,30.670733252818135
Alkenes,But-1-ene,C4H8,43.0,30.9966054600307
Alkenes,But-1-ene,C4H8,43.75,31.296567257455138
Alkenes,But-1-ene,C4H8,44.5,31.547819715350254
Alkenes,But-1-ene,C4H8,45.25,31.831226354080442
Alkenes,But-1-ene,C4H8,46.0,32.09879618613236
Alkenes,But-1-ene,C4H8,46.75,32.37246384198948
Alkenes,But-1-ene,C4H8,47.5,32.58540364469051
Alkenes,But-1-ene,C4H8,48.25,32.811176603226315
Alkenes,But-1-ene,C4H8,49.0,33.13077967469607
Alkenes,But-1-ene,C4H8,49.75,33.387408164159574
Alkenes,But-1-ene,C4H8,50.5,33.5393538256182
Alkenes,But-1-ene,C4H8,51.25,33.74612311789128
Alkenes,But-1-ene,C4H8,52.0,33.8914445840049
Alkenes,But-1-ene,C4H8,52.75,34.1166345295486
Alkenes,But-1-ene,C4H8,53.5,34.27819619490883
Alkenes,But-1-ene,C4H8,54.25,34.4626885232811
Alkenes,But-1-ene,C4H8,55.0,34.601082614980236
Alkenes,But-1-ene,C4H8,55.75,34.79950377806064
Alkenes,But-1-ene,C4H8,56.5,34.93813681935962
Alkenes,But-1-ene,C4H8,57.25,35.099995162539706
Alkenes,But-1-ene,C4H8,58.0,35.264723824335455
Alkenes,But-1-ene,C4H8,58.75,35.3880979042665
Alkenes,But-1-ene,C4H8,59.5,35.58505681424224
Alkenes,But-1-ene,C4H8,60.25,35.71753644417735
Alkenes,But-1-ene,C4H8,61.0,35.887621676445114
Alkenes,But-1-ene,C4H8,61.75,36.02220764910924
Alkenes,But-1-ene,C4H8,62.5,36.19888076921808
Alkenes,But-1-ene,C4H8,63.25,36.326383751614095
Alkenes,But-1-ene,C4H8,64.0,36.48473983383765
Alkenes,But-1-ene,C4H8,64.75,36.631191830317015
Alkenes,But-1-ene,C4H8,65.5,36.73480150358421
Alkenes,But-1-ene,C4H8,66.25,36.861303285429535
Alkenes,But-1-ene,C4H8,67.0,36.97966525982071
Alkenes,But-1-ene,C4H8,67.75,37.064805774322714
Alkenes,But-1-ene,C4H8,68.5,37.166973816866616
Alkenes,But-1-ene,C4H8,69.25,37.32528166163762
Alkenes,But-1-ene,C4H8,70.0,37.41516202290701
Alkenes,But-1-ene,C4H8,70.75,37.47714682992044
Alkenes,But-1-ene,C4H8,71.5,37.57298527004386
Alkenes,But-1-ene,C4H8,72.25,37.690567728648695
Alkenes,But-1-ene,C4H8,73.0,37.815087593648386
Alkenes,But-1-ene,C4H8,73.75,37.89395505856825
Alkenes,But-1-ene,C4H8,74.5,37.997373258550645
Alkenes,But-1-ene,C4H8,75.25,38.06800927890058
Alkenes,But-1-ene,C4H8,76.0,38.121695251168354
Alkenes,But-1-ene,C4H8,76.75,38.18379509426838
Alkenes,But-1-ene,C4H8,77.5,38.283927511571086
Alkenes,But-1-ene,C4H8,78.25,38.35501769767984
Alkenes,But-1-ene,C4H8,79.0,38.401791339872624
Alkenes,But-1-ene,C4H8,79.75,38.50735172008146
Alkenes,But-1-ene,C4H8,80.5,38.502851770735845
Alkenes,But-1-ene,C4H8,81.25,38.55288418871696
Alkenes,But-1-ene,C4H8,82.0,38.61269185765094
Alkenes,But-1-ene,C4H8,82.75,38.63684764973195
Alkenes,But-1-ene,C4H8,83.5,38.67808168411889
Alkenes,But-1-ene,C4H8,84.25,38.70382696998851
Alkenes,But-1-ene,C4H8,85.0,38.73095180643415
Alkenes,But-1-ene,C4H8,85.75,38.7632037123734
Alkenes,But-1-ene,C4H8,86.5,38.746798145088086
Alkenes,But-1-ene,C4H8,87.25,38.79653608445427
Alkenes,But-1-ene,C4H8,88.0,38.807722006412924
Alkenes,But-1-ene,C4H8,88.75,38.815105492837844
Alkenes,But-1-ene,C4H8,89.5,38.85825514920273
Alkenes,But-1-ene,C4H8,90.25,38.85560024873391
Alkenes,But-1-ene,C4H8,91.0,38.901862423046055
Alkenes,But-1-ene,C4H8,91.75,38.909932942099175
Alkenes,But-1-ene,C4H8,92.5,38.99739864198706
Alkenes,But-1-ene,C4H8,93.25,39.01855093787505
Alkenes,But-1-ene,C4H8,94.0,39.06932239353053
Alkenes,But-1-ene,C4H8,94.75,39.103267913185974
Alkenes,But-1-ene,C4H8,95.5,39.10749082659236
Alkenes,But-1-ene,C4H8,96.25,39.11861223480676
Alkenes,But-1-ene,C4H8,97.0,39.085611293872326
Alkenes,But-1-ene,C4H8,97.75,39.07256271867002
Alkenes,But-1-ene,C4H8,98.5,39.05556738598192
Alkenes,But-1-ene,C4H8,99.25,39.05953687403936
Alkenes,But-1-ene,C4H8,100.0,39.06003319166141
Alkenes,Pent-1-ene,C5H10,25.0,24.407582140996745
Alkenes,Pent-1-ene,C5H10,25.75,25.168761812046704
Alkenes,Pent-1-ene,C5H10,26.5,25.952849419616257
Alkenes,Pent-1-ene,C5H10,27.25,26.673959293344787
Alkenes,Pent-1-ene,C5H10,28.0,27.460440977809107
Alkenes,Pent-1-ene,C5H10,28.75,28.163188967018698
Alkenes,Pent-1-ene,C5H10,29.5,28.9612669698771
Alkenes,Pent-1-ene,C5H10,30.25,29.635586991138442
Alkenes,Pent-1-ene,C5H10,31.0,30.326214071549426
Alkenes,Pent-1-ene,C5H10,31.75,30.938814889530377
Alkenes,Pent-1-ene,C5H10,32.5,31.60312149743879
Alkenes,Pent-1-ene,C5H10,33.25,32.26466421391035
Alkenes,Pent-1-ene,C5H10,34.0,32.90019159021403
Alkenes,Pent-1-ene,C5H10,34.75,33.515944050596524
Alkenes,Pent-1-ene,C5H10,35.5,34.082723086234544
Alkenes,Pent-1-ene,C5H10,36.25,34.600518688371224
Alkenes,Pent-1-ene,C5H10,37.0,35.03616842100174
Alkenes,Pent-1-ene,C5H10,37.75,35.5407146386294
Alkenes,Pent-1-ene,C5H10,38.5,36.052059689287326
Alkenes,Pent-1-ene,C5H10,39.25,36.566756226987714
Alkenes,Pent-1-ene,C5H10,40.0,36.985369087397466
Alkenes,Pent-1-ene,C5H10,40.75,37.33291595879944
Alkenes,Pent-1-ene,C5H10,41.5,37.70317320032553
Alkenes,Pent-1-ene,C5H10,42.25,37.96452799009418
Alkenes,Pent-1-ene,C5H10,43.0,38.35078022347674
Alkenes,Pent-1-ene,C5H10,43.75,38.71372566153279
Alkenes,Pent-1-ene,C5H10,44.5,39.008127413149424
Alkenes,Pent-1-ene,C5H10,45.25,39.36692034877312
Alkenes,Pent-1-ene,C5H10,46.0,39.70624906853994
Alkenes,Pent-1-ene,C5H10,46.75,40.05650766336602
Alkenes,Pent-1-ene,C5H10,47.5,40.33371235757247
Alkenes,Pent-1-ene,C5H10,48.25,40.61754113555998
Alkenes,Pent-1-ene,C5H10,49.0,41.03219050576454
Alkenes,Pent-1-ene,C5H10,49.75,41.35860490241837
Alkenes,Pent-1-ene,C5H10,50.5,41.55067061009798
Alkenes,Pent-1-ene,C5H10,51.25,41.815882129742896
Alkenes,Pent-1-ene,C5H10,52.0,41.99230968705354
Alkenes,Pent-1-ene,C5H10,52.75,42.27784388565795
Alkenes,Pent-1-ene,C5H10,53.5,42.4791266883897
Alkenes,Pent-1-ene,C5H10,54.25,42.71728193334364
Alkenes,Pent-1-ene,C5H10,55.0,42.89191489255397
Alkenes,Pent-1-ene,C5H10,55.75,43.14573466145479
Alkenes,Pent-1-ene,C5H10,56.5,43.33016168427181
Alkenes,Pent-1-ene,C5H10,57.25,43.53342183000452
Alkenes,Pent-1-ene,C5H10,58.0,43.74402773132029
Alkenes,Pent-1-ene,C5H10,58.75,43.89758570310057
Alkenes,Pent-1-ene,C5H10,59.5,44.158629678709396
Alkenes,Pent-1-ene,C5H10,60.25,44.321956362559995
Alkenes,Pent-1-ene,C5H10,61.0,44.543184815194735
Alkenes,Pent-1-ene,C5H10,61.75,44.710796583996064
Alkenes,Pent-1-ene,C5H10,62.5,44.94074403525925
Alkenes,Pent-1-ene,C5H10,63.25,45.10243585811141
Alkenes,Pent-1-ene,C5H10,64.0,45.306169026457304
Alkenes,Pent-1-ene,C5H10,64.75,45.4947878958542
Alkenes,Pent-1-ene,C5H10,65.5,45.630012894960764
Alkenes,Pent-1-ene,C5H10,66.25,45.79620428501852
Alkenes,Pent-1-ene,C5H10,67.0,45.94792998834633
Alkenes,Pent-1-ene,C5H10,67.75,46.05888020983925
Alkenes,Pent-1-ene,C5H10,68.5,46.18722918120985
Alkenes,Pent-1-ene,C5H10,69.25,46.401074855687085
Alkenes,Pent-1-ene,C5H10,70.0,46.51459923180669
Alkenes,Pent-1-ene,C5H10,70.75,46.58403038711956
Alkenes,Pent-1-ene,C5H10,71.5,46.70590135299727
Alkenes,Pent-1-ene,C5H10,72.25,46.86418967249077
Alkenes,Pent-1-ene,C5H10,73.0,47.02517601051365
Alkenes,Pent-1-ene,C5H10,73.75,47.12981692468518
Alkenes,Pent-1-ene,C5H10,74.5,47.26133127281519
Alkenes,Pent-1-ene,C5H10,75.25,47.349795270702366
Alkenes,Pent-1-ene,C5H10,76.0,47.42093453722797
Alkenes,Pent-1-ene,C5H10,76.75,47.499062566900804
Alkenes,Pent-1-ene,C5H10,77.5,47.63307498045479
Alkenes,Pent-1-ene,C5H10,78.25,47.73000653935235
Alkenes,Pent-1-ene,C5H10,79.0,47.785722456300654
Alkenes,Pent-1-ene,C5H10,79.75,47.93217399324172
Alkenes,Pent-1-ene,C5H10,80.5,47.923204547846964
Alkenes,Pent-1-ene,C5H10,81.25,47.995176685292634
Alkenes,Pent-1-ene,C5H10,82.0,48.07666432288127
Alkenes,Pent-1-ene,C5H10,82.75,48.10989463578306
Alkenes,Pent-1-ene,C5H10,83.5,48.16400078264968
Alkenes,Pent-1-ene,C5H10,84.25,48.204016393757726
Alkenes,Pent-1-ene,C5H10,85.0,48.23927334218432
Alkenes,Pent-1-ene,C5H10,85.75,48.28823462731479
Alkenes,Pent-1-ene,C5H10,86.5,48.26474457244631
Alkenes,Pent-1-ene,C5H10,87.25,48.33930332377437
Alkenes,Pent-1-ene,C5H10,88.0,48.35709684398287
Alkenes,Pent-1-ene,C5H10,88.75,48.36974382715302
Alkenes,Pent-1-ene,C5H10,89.5,48.43081305501437
Alkenes,Pent-1-ene,C5H10,90.25,48.43705796788511
Alkenes,Pent-1-ene,C5H10,91.0,48.505378253231754
Alkenes,Pent-1-ene,C5H10,91.75,48.522821986587914
Alkenes,Pent-1-ene,C5H10,92.5,48.649682164205174
Alkenes,Pent-1-ene,C5H10,93.25,48.6790311186408
Alkenes,Pent-1-ene,C5H10,94.0,48.75733654355827
Alkenes,Pent-1-ene,C5H10,94.75,48.81097212410072
Alkenes,Pent-1-ene,C5H10,95.5,48.827054742873
Alkenes,Pent-1-ene,C5H10,96.25,48.84701457908111
Alkenes,Pent-1-ene,C5H10,97.0,48.81135866380317
Alkenes,Pent-1-ene,C5H10,97.75,48.80408231868864
Alkenes,Pent-1-ene,C5H10,98.5,48.782386598388754
Alkenes,Pent-1-ene,C5H10,99.25,48.80325728888752
Alkenes,Pent-1-ene,C5H10,100.0,48.80422360871505
Alkenes,Hex-1-ene,C6H12,25.0,28.94209009911286
Alkenes,Hex-1-ene,C6H12,25.75,29.786622932311573
Alkenes,Hex-1-ene,C6H12,26.5,30.68022998983018
Alkenes,Hex-1-ene,C6H12,27.25,31.49398912684951
Alkenes,Hex-1-ene,C6H12,28.0,32.37850099727249
Alkenes,Hex-1-ene,C6H12,28.75,33.16328551408601
Alkenes,Hex-1-ene,C6H12,29.5,34.031068468695416
Alkenes,Hex-1-ene,C6H12,30.25,34.82547663990813
Alkenes,Hex-1-ene,C6H12,31.0,35.64643527363189
Alkenes,Hex-1-ene,C6H12,31.75,36.35583804133641
Alkenes,Hex-1-ene,C6H12,32.5,37.127395495044794
Alkenes,Hex-1-ene,C6H12,33.25,37.935678553120866
Alkenes,Hex-1-ene,C6H12,34.0,38.66446550905838
Alkenes,Hex-1-ene,C6H12,34.75,39.39832861056156
Alkenes,Hex-1-ene,C6H12,35.5,40.05183718940972
Alkenes,Hex-1-ene,C6H12,36.25,40.64147703521309
Alkenes,Hex-1-ene,C6H12,37.0,41.13058137758767
Alkenes,Hex-1-ene,C6H12,37.75,41.695255525981345
Alkenes,Hex-1-ene,C6H12,38.5,42.291798865975785
Alkenes,Hex-1-ene,C6H12,39.25,42.84957595918639
Alkenes,Hex-1-ene,C6H12,40.0,43.337607387021414
Alkenes,Hex-1-ene,C6H12,40.75,43.7656239012986
Alkenes,Hex-1-ene,C6H12,41.5,44.15940394832813
Alkenes,Hex-1-ene,C6H12,42.25,44.449227097667325
Alkenes,Hex-1-ene,C6H12,43.0,44.88736846681223
Alkenes,Hex-1-ene,C6H12,43.75,45.28469061997627
Alkenes,Hex-1-ene,C6H12,44.5,45.6569736225892
Alkenes,Hex-1-ene,C6H12,45.25,46.045500713095194
Alkenes,Hex-1-ene,C6H12,46.0,46.46473249187155
Alkenes,Hex-1-ene,C6H12,46.75,46.895365543074654
Alkenes,Hex-1-ene,C6H12,47.5,47.208976618365966
Alkenes,Hex-1-ene,C6H12,48.25,47.60122835625994
Alkenes,Hex-1-ene,C6H12,49.0,48.084649626389215
Alkenes,Hex-1-ene,C6H12,49.75,48.46648291713328
Alkenes,Hex-1-ene,C6H12,50.5,48.70701887652462
Alkenes,Hex-1-ene,C6H12,51.25,49.00401134984731
Alkenes,Hex-1-ene,C6H12,52.0,49.24591950772134
Alkenes,Hex-1-ene,C6H12,52.75,49.572558306588775
Alkenes,Hex-1-ene,C6H12,53.5,49.80963821569282
Alkenes,Hex-1-ene,C6H12,54.25,50.099188866103425
Alkenes,Hex-1-ene,C6H12,55.0,50.32273098746603
Alkenes,Hex-1-ene,C6H12,55.75,50.597586098270554
Alkenes,Hex-1-ene,C6H12,56.5,50.81516356426955
Alkenes,Hex-1-ene,C6H12,57.25,51.08280008030938
Alkenes,Hex-1-ene,C6H12,58.0,51.355223899818526
Alkenes,Hex-1-ene,C6H12,58.75,51.550132726512686
Alkenes,Hex-1-ene,C6H12,59.5,51.84555053209469
Alkenes,Hex-1-ene,C6H12,60.25,52.044113663334834
Alkenes,Hex-1-ene,C6H12,61.0,52.31612371512957
Alkenes,Hex-1-ene,C6H12,61.75,52.543023026633826
Alkenes,Hex-1-ene,C6H12,62.5,52.81223961636218
Alkenes,Hex-1-ene,C6H12,63.25,52.997428920900546
Alkenes,Hex-1-ene,C6H12,64.0,53.24097997165511
Alkenes,Hex-1-ene,C6H12,64.75,53.46448202966051
Alkenes,Hex-1-ene,C6H12,65.5,53.64402385908547
Alkenes,Hex-1-ene,C6H12,66.25,53.827955203404315
Alkenes,Hex-1-ene,C6H12,67.0,54.00883026516267
Alkenes,Hex-1-ene,C6H12,67.75,54.20281892426024
Alkenes,Hex-1-ene,C6H12,68.5,54.32310581888183
Alkenes,Hex-1-ene,C6H12,69.25,54.564853471663206
Alkenes,Hex-1-ene,C6H12,70.0,54.752957178917576
Alkenes,Hex-1-ene,C6H12,70.75,54.832304092823044
Alkenes,Hex-1-ene,C6H12,71.5,54.98649610832313
Alkenes,Hex-1-ene,C6H12,72.25,55.1394015294683
Alkenes,Hex-1-ene,C6H12,73.0,55.39145485792533
Alkenes,Hex-1-ene,C6H12,73.75,55.472056292317916
Alkenes,Hex-1-ene,C6H12,74.5,55.62626327434795
Alkenes,Hex-1-ene,C6H12,75.25,55.72751984811368
Alkenes,Hex-1-ene,C6H12,76.0,55.81672012469335
Alkenes,Hex-1-ene,C6H12,76.75,55.94324918882252
Alkenes,Hex-1-ene,C6H12,77.5,56.10693992653546
Alkenes,Hex-1-ene,C6H12,78.25,56.217593709542335
Alkenes,Hex-1-ene,C6H12,79.0,56.29421294618538
Alkenes,Hex-1-ene,C6H12,79.75,56.44387453177135
Alkenes,Hex-1-ene,C6H12,80.5,56.44345188493327
Alkenes,Hex-1-ene,C6H12,81.25,56.55212706111046
Alkenes,Hex-1-ene,C6H12,82.0,56.676717384995065
Alkenes,Hex-1-ene,C6H12,82.75,56.67512604678189
Alkenes,Hex-1-ene,C6H12,83.5,56.77509865540131
Alkenes,Hex-1-ene,C6H12,84.25,56.84817466139648
Alkenes,Hex-1-ene,C6H12,85.0,56.846459405913976
Alkenes,Hex-1-ene,C6H12,85.75,56.893459051357375
Alkenes,Hex-1-ene,C6H12,86.5,56.91139790994107
Alkenes,Hex-1-ene,C6H12,87.25,57.010176628620805
Alkenes,Hex-1-ene,C6H12,88.0,57.03521247445036
Alkenes,Hex-1-ene,C6H12,88.75,57.072632136152166
Alkenes,Hex-1-ene,C6H12,89.5,57.13584752728439
Alkenes,Hex-1-ene,C6H12,90.25,57.12426309575644
Alkenes,Hex-1-ene,C6H12,91.0,57.23717307207191
Alkenes,Hex-1-ene,C6H12,91.75,57.27541681141889
Alkenes,Hex-1-ene,C6H12,92.5,57.4632306222325
Alkenes,Hex-1-ene,C6H12,93.25,57.477286334628715
Alkenes,Hex-1-ene,C6H12,94.0,57.581777691079736
Alkenes,Hex-1-ene,C6H12,94.75,57.66008811274173
Alkenes,Hex-1-ene,C6H12,95.5,57.69771162004151
Alkenes,Hex-1-ene,C6H12,96.25,57.73200770553854
Alkenes,Hex-1-ene,C6H12,97.0,57.71231417284276
Alkenes,Hex-1-ene,C6H12,97.75,57.685717726117446
Alkenes,Hex-1-ene,C6H12,98.5,57.6959972260393
Alkenes,Hex-1-ene,C6H12,99.25,57.718634384022586
Alkenes,Hex-1-ene,C6H12,100.0,57.69360418313378
Alkenes,Hept-1-ene,C7H14,25.0,33.00106848692278
Alkenes,Hept-1-ene,C7H14,25.75,33.896078717166745
Alkenes,Hept-1-ene,C7H14,26.5,34.893718832722186
Alkenes,Hept-1-ene,C7H14,27.25,35.79397225974562
Alkenes,Hept-1-ene,C7H14,28.0,36.75990973527977
Alkenes,Hept-1-ene,C7H14,28.75,37.6139628290471
Alkenes,Hept-1-ene,C7H14,29.5,38.48837571202639
Alkenes,Hept-1-ene,C7H14,30.25,39.41483705591056
Alkenes,Hept-1-ene,C7H14,31.0,40.357000148464685
Alkenes,Hept-1-ene,C7H14,31.75,41.138052920792745
Alkenes,Hept-1-ene,C7H14,32.5,41.98578127941696
Alkenes,Hept-1-ene,C7H14,33.25,42.95734102308975
Alkenes,Hept-1-ene,C7H14,34.0,43.74329388726584
Alkenes,Hept-1-ene,C7H14,34.75,44.59563120151148
Alkenes,Hept-1-ene,C7H14,35.5,45.326550656414476
Alkenes,Hept-1-ene,C7H14,36.25,45.967672544142275
Alkenes,Hept-1-ene,C7H14,37.0,46.50419449941042
Alkenes,Hept-1-ene,C7H14,37.75,47.09826577601357
Alkenes,Hept-1-ene,C7H14,38.5,47.78445746225475
Alkenes,Hept-1-ene,C7H14,39.25,48.33099889167395
Alkenes,Hept-1-ene,C7H14,40.0,48.898090090850914
Alkenes,Hept-1-ene,C7H14,40.75,49.43922734726468
Alkenes,Hept-1-ene,C7H14,41.5,49.811771229344814
Alkenes,Hept-1-ene,C7H14,42.25,50.12726250365157
Alkenes,Hept-1-ene,C7H14,43.0,50.60738905483877
Alkenes,Hept-1-ene,C7H14,43.75,51.00460416066257
Alkenes,Hept-1-ene,C7H14,44.5,51.50418248949625
Alkenes,Hept-1-ene,C7H14,45.25,51.868101471361165
Alkenes,Hept-1-ene,C7H14,46.0,52.373219296595
Alkenes,Hept-1-ene,C7H14,46.75,52.88727087609239
Alkenes,Hept-1-ene,C7H14,47.5,53.2060051825579
Alkenes,Hept-1-ene,C7H14,48.25,53.768340285860305
Alkenes,Hept-1-ene,C7H14,49.0,54.28282199634651
Alkenes,Hept-1-ene,C7H14,49.75,54.70224787804857
Alkenes,Hept-1-ene,C7H14,50.5,55.004892749184684
Alkenes,Hept-1-ene,C7H14,51.25,55.30035530652119
Alkenes,Hept-1-ene,C7H14,52.0,55.65051292820269
Alkenes,Hept-1-ene,C7H14,52.75,55.99291131742145
Alkenes,Hept-1-ene,C7H14,53.5,56.26118490266296
Alkenes,Hept-1-ene,C7H14,54.25,56.59963629372178
Alkenes,Hept-1-ene,C7H14,55.0,56.88946585552264
Alkenes,Hept-1-ene,C7H14,55.75,57.140736274081426
Alkenes,Hept-1-ene,C7H14,56.5,57.37706841790801
Alkenes,Hept-1-ene,C7H14,57.25,57.73586025295862
Alkenes,Hept-1-ene,C7H14,58.0,58.089032695732605
Alkenes,Hept-1-ene,C7H14,58.75,58.34041763081153
Alkenes,Hept-1-ene,C7H14,59.5,58.63151404649164
Alkenes,Hept-1-ene,C7H14,60.25,58.87056027559282
Alkenes,Hept-1-ene,C7H14,61.0,59.19171818166805
Alkenes,Hept-1-ene,C7H14,61.75,59.50926548091913
Alkenes,Hept-1-ene,C7H14,62.5,59.79922809076868
Alkenes,Hept-1-ene,C7H14,63.25,59.996433099772354
Alkenes,Hept-1-ene,C7H14,64.0,60.27227605198148
Alkenes,Hept-1-ene,C7H14,64.75,60.52098355534897
Alkenes,Hept-1-ene,C7H14,65.5,60.76032842679171
Alkenes,Hept-1-ene,C7H14,66.25,60.93440101290793
Alkenes,Hept-1-ene,C7H14,67.0,61.13773880316774
Alkenes,Hept-1-ene,C7H14,67.75,61.487164368886035
Alkenes,Hept-1-ene,C7H14,68.5,61.55776514961409
Alkenes,Hept-1-ene,C7H14,69.25,61.79007736653029
Alkenes,Hept-1-ene,C7H14,70.0,62.11482218544414
Alkenes,Hept-1-ene,C7H14,70.75,62.209161238442256
Alkenes,Hept-1-ene,C7H14,71.5,62.403150189592274
Alkenes,Hept-1-ene,C7H14,72.25,62.492475307995335
Alkenes,Hept-1-ene,C7H14,73.0,62.89928816527592
Alkenes,Hept-1-ene,C7H14,73.75,62.89591530723346
Alkenes,Hept-1-ene,C7H14,74.5,63.06506023796463
Alkenes,Hept-1-ene,C7H14,75.25,63.17283004219401
Alkenes,Hept-1-ene,C7H14,76.0,63.282106427706374
Alkenes,Hept-1-ene,C7H14,76.75,63.4965381595446
Alkenes,Hept-1-ene,C7H14,77.5,63.681361161366254
Alkenes,Hept-1-ene,C7H14,78.25,63.79029720521562
Alkenes,Hept-1-ene,C7H14,79.0,63.902938816127914
Alkenes,Hept-1-ene,C7H14,79.75,64.00765658017167
Alkenes,Hept-1-ene,C7H14,80.5,64.03491888935956
Alkenes,Hept-1-ene,C7H14,81.25,64.19575132555103
Alkenes,Hept-1-ene,C7H14,82.0,64.38632476535236
Alkenes,Hept-1-ene,C7H14,82.75,64.29889222173965
Alkenes,Hept-1-ene,C7H14,83.5,64.48332083808987
Alkenes,Hept-1-ene,C7H14,84.25,64.61241013625869
Alkenes,Hept-1-ene,C7H14,85.0,64.51888259363241
Alkenes,Hept-1-ene,C7H14,85.75,64.53989519277727
Alkenes,Hept-1-ene,C7H14,86.5,64.65823758461161
Alkenes,Hept-1-ene,C7H14,87.25,64.77956480135775
Alkenes,Hept-1-ene,C7H14,88.0,64.81298937660262
Alkenes,Hept-1-ene,C7H14,88.75,64.89845293455866
Alkenes,Hept-1-ene,C7H14,89.5,64.940924046862
Alkenes,Hept-1-ene,C7H14,90.25,64.88108907782372
Alkenes,Hept-1-ene,C7H14,91.0,65.06454906105982
Alkenes,Hept-1-ene,C7H14,91.75,65.13803743875799
Alkenes,Hept-1-ene,C7H14,92.5,65.40762081363859
Alkenes,Hept-1-ene,C7H14,93.25,65.37742745895599
Alkenes,Hept-1-ene,C7H14,94.0,65.50324760042871
Alkenes,Hept-1-ene,C7H14,94.75,65.61005905269019
Alkenes,Hept-1-ene,C7H14,95.5,65.68046735929943
Alkenes,Hept-1-ene,C7H14,96.25,65.73527123480062
Alkenes,Hept-1-ene,C7H14,97.0,65.75362758784358
Alkenes,Hept-1-ene,C7H14,97.75,65.67636023776822
Alkenes,Hept-1-ene,C7H14,98.5,65.76280069021955
Alkenes,Hept-1-ene,C7H14,99.25,65.7654125263352
Alkenes,Hept-1-ene,C7H14,100.0,65.68107746086768
Alkenes,Oct-1-ene,C8H16,25.0,36.57825887098515
Alkenes,Oct-1-ene,C8H16,25.75,37.49336672265072
Alkenes,Oct-1-ene,C8H16,26.5,38.59406213007756
Alkenes,Oct-1-ene,C8H16,27.25,39.576019220164206
Alkenes,Oct-1-ene,C8H16,28.0,40.6111154012359
Alkenes,Oct-1-ene,C8H16,28.75,41.526649448483354
Alkenes,Oct-1-ene,C8H16,29.5,42.344219355179156
Alkenes,Oct-1-ene,C8H16,30.25,43.417350633189116
Alkenes,Oct-1-ene,C8H16,31.0,44.469762573480956
Alkenes,Oct-1-ene,C8H16,31.75,45.29737960880015
Alkenes,Oct-1-ene,C8H16,32.5,46.18904267858277
Alkenes,Oct-1-ene,C8H16,33.25,47.34006075927057
Alkenes,Oct-1-ene,C8H16,34.0,48.146455750428125
Alkenes,Oct-1-ene,C8H16,34.75,49.118699048077815
Alkenes,Oct-1-ene,C8H16,35.5,49.91866969215808
Alkenes,Oct-1-ene,C8H16,36.25,50.5909929348621
Alkenes,Oct-1-ene,C8H16,37.0,51.17110627368055
Alkenes,Oct-1-ene,C8H16,37.75,51.76423872003694
Alkenes,Oct-1-ene,C8H16,38.5,52.54631916889915
Alkenes,Oct-1-ene,C8H16,39.25,53.026936320008026
Alkenes,Oct-1-ene,C8H16,40.0,53.682351575448145
Alkenes,Oct-1-ene,C8H16,40.75,54.37482131358967
Alkenes,Oct-1-ene,C8H16,41.5,54.68179782055123
Alkenes,Oct-1-ene,C8H16,42.25,55.02317302748597
Alkenes,Oct-1-ene,C8H16,43.0,55.53347696300838
Alkenes,Oct-1-ene,C8H16,43.75,55.89349544353201
Alkenes,Oct-1-ene,C8H16,44.5,56.57635566181714
Alkenes,Oct-1-ene,C8H16,45.25,56.86058518665018
Alkenes,Oct-1-ene,C8H16,46.0,57.453473679127534
Alkenes,Oct-1-ene,C8H16,46.75,58.05281665905387
Alkenes,Oct-1-ene,C8H16,47.5,58.34677203767322
Alkenes,Oct-1-ene,C8H16,48.25,59.142725746313324
Alkenes,Oct-1-ene,C8H16,49.0,59.64456292909657
Alkenes,Oct-1-ene,C8H16,49.75,60.082745599814174
Alkenes,Oct-1-ene,C8H16,50.5,60.4645525904056
Alkenes,Oct-1-ene,C8H16,51.25,60.72347097784428
Alkenes,Oct-1-ene,C8H16,52.0,61.225817279322726
Alkenes,Oct-1-ene,C8H16,52.75,61.55617337630581
Alkenes,Oct-1-ene,C8H16,53.5,61.850216564386166
Alkenes,Oct-1-ene,C8H16,54.25,62.23550460278932
Alkenes,Oct-1-ene,C8H16,55.0,62.61090522818941
Alkenes,Oct-1-ene,C8H16,55.75,62.7900214518314
Alkenes,Oct-1-ene,C8H16,56.5,63.03151173776726
Alkenes,Oct-1-ene,C8H16,57.25,63.50774606712931
Alkenes,Oct-1-ene,C8H16,58.0,63.96090675630652
Alkenes,Oct-1-ene,C8H16,58.75,64.28517344726889
Alkenes,Oct-1-ene,C8H16,59.5,64.53049724437004
Alkenes,Oct-1-ene,C8H16,60.25,64.81458074102981
Alkenes,Oct-1-ene,C8H16,61.0,65.18259075945512
Alkenes,Oct-1-ene,C8H16,61.75,65.62204077728427
Alkenes,Oct-1-ene,C8H16,62.5,65.91275250258354
Alkenes,Oct-1-ene,C8H16,63.25,66.1112499963213
Alkenes,Oct-1-ene,C8H16,64.0,66.41101440344791
Alkenes,Oct-1-ene,C8H16,64.75,66.67419729579366
Alkenes,Oct-1-ene,C8H16,65.5,66.98925094542992
Alkenes,Oct-1-ene,C8H16,66.25,67.1244989701853
Alkenes,Oct-1-ene,C8H16,67.0,67.34180173659867
Alkenes,Oct-1-ene,C8H16,67.75,67.92441709814476
Alkenes,Oct-1-ene,C8H16,68.5,67.90182835186872
Alkenes,Oct-1-ene,C8H16,69.25,68.08367094724296
Alkenes,Oct-1-ene,C8H16,70.0,68.60906666508262
Alkenes,Oct-1-ene,C8H16,70.75,68.7246511805684
Alkenes,Oct-1-ene,C8H16,71.5,68.96608151913536
Alkenes,Oct-1-ene,C8H16,72.25,68.93036591326975
Alkenes,Oct-1-ene,C8H16,73.0,69.55577467076789
Alkenes,Oct-1-ene,C8H16,73.75,69.407163927417
Alkenes,Oct-1-ene,C8H16,74.5,69.58215721824749
Alkenes,Oct-1-ene,C8H16,75.25,69.68954813735004
Alkenes,Oct-1-ene,C8H16,76.0,69.82229924240664
Alkenes,Oct-1-ene,C8H16,76.75,70.16545065037673
Alkenes,Oct-1-ene,C8H16,77.5,70.35985896325425
Alkenes,Oct-1-ene,C8H16,78.25,70.45079438426362
Alkenes,Oct-1-ene,C8H16,79.0,70.61502193520353
Alkenes,Oct-1-ene,C8H16,79.75,70.62399123863746
Alkenes,Oct-1-ene,C8H16,80.5,70.70107506814965
Alkenes,Oct-1-ene,C8H16,81.25,70.92823770820233
Alkenes,Oct-1-ene,C8H16,82.0,71.20584823258035
Alkenes,Oct-1-ene,C8H16,82.75,70.98224996311218
Alkenes,Oct-1-ene,C8H16,83.5,71.28959659600704
Alkenes,Oct-1-ene,C8H16,84.25,71.49891872972985
Alkenes,Oct-1-ene,C8H16,85.0,71.25674823362864
Alkenes,Oct-1-ene,C8H16,85.75,71.22616552236425
Alkenes,Oct-1-ene,C8H16,86.5,71.50510631105979
Alkenes,Oct-1-ene,C8H16,87.25,71.64761758318224
Alkenes,Oct-1-ene,C8H16,88.0,71.69115455603395
Alkenes,Oct-1-ene,C8H16,88.75,71.84827687761408
Alkenes,Oct-1-ene,C8H16,89.5,71.84310223746031
Alkenes,Oct-1-ene,C8H16,90.25,71.7060807563305
Alkenes,Oct-1-ene,C8H16,91.0,71.98642175173214
Alkenes,Oct-1-ene,C8H16,91.75,72.11085932963633
Alkenes,Oct-1-ene,C8H16,92.5,72.47999742703163
Alkenes,Oct-1-ene,C8H16,93.25,72.37514751981084
Alkenes,Oct-1-ene,C8H16,94.0,72.51515532777165
Alkenes,Oct-1-ene,C8H16,94.75,72.65278663697877
Alkenes,Oct-1-ene,C8H16,95.5,72.76794828933933
Alkenes,Oct-1-ene,C8H16,96.25,72.84993283203426
Alkenes,Oct-1-ene,C8H16,97.0,72.92874922964155
Alkenes,Oct-1-ene,C8H16,97.75,72.76815049348805
Alkenes,Oct-1-ene,C8H16,98.5,72.97599354506221
Alkenes,Oct-1-ene,C8H16,99.25,72.93382751509992
Alkenes,Oct-1-ene,C8H16,100.0,72.75464793594459
Ring structures,Benzene,C6H6,25.0,19.66843881169796
Ring structures,Benzene,C6H6,25.75,20.29752250041392
Ring structures,Benzene,C6H6,26.5,21.115768384239633
Ring structures,Benzene,C6H6,27.25,21.859418110773895
Ring structures,Benzene,C6H6,28.0,22.661304781313106
Ring structures,Benzene,C6H6,28.75,23.307813005739067
Ring structures,Benzene,C6H6,29.5,23.974524190058435
Ring structures,Benzene,C6H6,30.25,24.635102824262916
Ring structures,Benzene,C6H6,31.0,25.263003231729222
Ring structures,Benzene,C6H6,31.75,25.698765996327083
Ring structures,Benzene,C6H6,32.5,26.20671983327607
Ring structures,Benzene,C6H6,33.25,26.89115981484199
Ring structures,Benzene,C6H6,34.0,27.339509667280133
Ring structures,Benzene,C6H6,34.75,27.918009827366777
Ring structures,Benzene,C6H6,35.5,28.527022556920766
Ring structures,Benzene,C6H6,36.25,29.03272432682586
Ring structures,Benzene,C6H6,37.0,29.450404717746867
Ring structures,Benzene,C6H6,37.75,29.887740727499114
Ring structures,Benzene,C6H6,38.5,30.48345952072616
Ring structures,Benzene,C6H6,39.25,30.866059044811436
Ring structures,Benzene,C6H6,40.0,31.364295795431868
Ring structures,Benzene,C6H6,40.75,31.764222591791803
Ring structures,Benzene,C6H6,41.5,31.95286443148472
Ring structures,Benzene,C6H6,42.25,32.111363537991764
Ring structures,Benzene,C6H6,43.0,32.49912135189461
Ring structures,Benzene,C6H6,43.75,32.736184179641754
Ring structures,Benzene,C6H6,44.5,33.12161146968192
Ring structures,Benzene,C6H6,45.25,33.252354520323344
Ring structures,Benzene,C6H6,46.0,33.60934117771275
Ring structures,Benzene,C6H6,46.75,33.973262937273894
Ring structures,Benzene,C6H6,47.5,34.04841952611483
Ring structures,Benzene,C6H6,48.25,34.512821688670776
Ring structures,Benzene,C6H6,49.0,34.85326109990505
Ring structures,Benzene,C6H6,49.75,35.113676380977076
Ring structures,Benzene,C6H6,50.5,35.27305994597094
Ring structures,Benzene,C6H6,51.25,35.43910444613745
Ring structures,Benzene,C6H6,52.0,35.728164444172066
Ring structures,Benzene,C6H6,52.75,35.97681968823847
Ring structures,Benzene,C6H6,53.5,36.1345954196413
Ring structures,Benzene,C6H6,54.25,36.34903064640364
Ring structures,Benzene,C6H6,55.0,36.52274849892896
Ring structures,Benzene,C6H6,55.75,36.66762484185061
Ring structures,Benzene,C6H6,56.5,36.75054416540976
Ring structures,Benzene,C6H6,57.25,37.06143933105249
Ring structures,Benzene,C6H6,58.0,37.33921026525243
Ring structures,Benzene,C6H6,58.75,37.50445591895029
Ring structures,Benzene,C6H6,59.5,37.66278807467968
Ring structures,Benzene,C6H6,60.25,37.85400714901715
Ring structures,Benzene,C6H6,61.0,38.11792474452495
Ring structures,Benzene,C6H6,61.75,38.429221855597476
Ring structures,Benzene,C6H6,62.5,38.6580603905401
Ring structures,Benzene,C6H6,63.25,38.79085694751309
Ring structures,Benzene,C6H6,64.0,39.023865543488114
Ring structures,Benzene,C6H6,64.75,39.223277999883116
Ring structures,Benzene,C6H6,65.5,39.413121286996905
Ring structures,Benzene,C6H6,66.25,39.52461248010951
Ring structures,Benzene,C6H6,67.0,39.69604803225871
Ring structures,Benzene,C6H6,67.75,40.03281653531797
Ring structures,Benzene,C6H6,68.5,40.034544237435504
Ring structures,Benzene,C6H6,69.25,40.18933324052418
Ring structures,Benzene,C6H6,70.0,40.522340283386825
Ring structures,Benzene,C6H6,70.75,40.62990188345963
Ring structures,Benzene,C6H6,71.5,40.8128107175088
Ring structures,Benzene,C6H6,72.25,40.828764925569565
Ring structures,Benzene,C6H6,73.0,41.282988482130115
Ring structures,Benzene,C6H6,73.75,41.187096889768206
Ring structures,Benzene,C6H6,74.5,41.34707690051772
Ring structures,Benzene,C6H6,75.25,41.435258877593974
Ring structures,Benzene,C6H6,76.0,41.49100157026413
Ring structures,Benzene,C6H6,76.75,41.69855821659919
Ring structures,Benzene,C6H6,77.5,41.855472388737695
Ring structures,Benzene,C6H6,78.25,41.891478523235556
Ring structures,Benzene,C6H6,79.0,41.989104737338664
Ring structures,Benzene,C6H6,79.75,42.01019499832934
Ring structures,Benzene,C6H6,80.5,42.003339062860924
Ring structures,Benzene,C6H6,81.25,42.14656712543478
Ring structures,Benzene,C6H6,82.0,42.34061846395855
Ring structures,Benzene,C6H6,82.75,42.178419587854165
Ring structures,Benzene,C6H6,83.5,42.38457932473386
Ring structures,Benzene,C6H6,84.25,42.48391638233307
Ring structures,Benzene,C6H6,85.0,42.3393448258703
Ring structures,Benzene,C6H6,85.75,42.30204139535825
Ring structures,Benzene,C6H6,86.5,42.442522924931005
Ring structures,Benzene,C6H6,87.25,42.51473341795021
Ring structures,Benzene,C6H6,88.0,42.516248424027275
Ring structures,Benzene,C6H6,88.75,42.583398288425414
Ring structures,Benzene,C6H6,89.5,42.5938322485615
Ring structures,Benzene,C6H6,90.25,42.43632898705358
Ring structures,Benzene,C6H6,91.0,42.59160543096507
Ring structures,Benzene,C6H6,91.75,42.625991862050384
Ring structures,Benzene,C6H6,92.5,42.871100816029085
Ring structures,Benzene,C6H6,93.25,42.80432046270331
Ring structures,Benzene,C6H6,94.0,42.8858250302377
Ring structures,Benzene,C6H6,94.75,42.93556055047767
Ring structures,Benzene,C6H6,95.5,42.97234737605208
Ring structures,Benzene,C6H6,96.25,43.02436630767518
Ring structures,Benzene,C6H6,97.0,43.02156333566966
Ring structures,Benzene,C6H6,97.75,42.88275863136326
Ring structures,Benzene,C6H6,98.5,43.00010760913176
Ring structures,Benzene,C6H6,99.25,42.938120655461006
Ring structures,Benzene,C6H6,100.0,42.831909482298606
Ring structures,Cyclopropane,C3H6,25.0,14.03455710414558
Ring structures,Cyclopropane,C3H6,25.75,14.526394029239324
Ring structures,Cyclopropane,C3H6,26.5,15.046674701708376
Ring structures,Cyclopropane,C3H6,27.25,15.539822608375264
Ring structures,Cyclopropane,C3H6,28.0,16.060872275387965
Ring structures,Cyclopropane,C3H6,28.75,16.532695176014872
Ring structures,Cyclopropane,C3H6,29.5,17.03373602282014
Ring structures,Cyclopropane,C3H6,30.25,17.47173683778581
Ring structures,Cyclopropane,C3H6,31.0,17.88155798710292
Ring structures,Cyclopropane,C3H6,31.75,18.23611290328294
Ring structures,Cyclopropane,C3H6,32.5,18.614463510665658
Ring structures,Cyclopropane,C3H6,33.25,19.01419360356665
Ring structures,Cyclopropane,C3H6,34.0,19.377172403072457
Ring structures,Cyclopropane,C3H6,34.75,19.746811749885552
Ring structures,Cyclopropane,C3H6,35.5,20.10654495733946
Ring structures,Cyclopropane,C3H6,36.25,20.426765857373137
Ring structures,Cyclopropane,C3H6,37.0,20.720554981652835
Ring structures,Cyclopropane,C3H6,37.75,21.026638101766853
Ring structures,Cyclopropane,C3H6,38.5,21.361728439051138
Ring structures,Cyclopropane,C3H6,39.25,21.66194048635194
Ring structures,Cyclopropane,C3H6,40.0,21.951016106133203
Ring structures,Cyclopropane,C3H6,40.75,22.186699330891337
Ring structures,Cyclopropane,C3H6,41.5,22.402691017856625
Ring structures,Cyclopropane,C3H6,42.25,22.57946246680093
Ring structures,Cyclopropane,C3H6,43.0,22.83642778385565
Ring structures,Cyclopropane,C3H6,43.75,23.05388845581425
Ring structures,Cyclopropane,C3H6,44.5,23.272751145517155
Ring structures,Cyclopropane,C3H6,45.25,23.45347849944418
Ring structures,Cyclopropane,C3H6,46.0,23.656465343863605
Ring structures,Cyclopropane,C3H6,46.75,23.857293652255603
Ring structures,Cyclopropane,C3H6,47.5,23.988210188596923
Ring structures,Cyclopropane,C3H6,48.25,24.183646950451568
Ring structures,Cyclopropane,C3H6,49.0,24.398882905154974
Ring structures,Cyclopropane,C3H6,49.75,24.577857651941034
Ring structures,Cyclopropane,C3H6,50.5,24.691212683958028
Ring structures,Cyclopropane,C3H6,51.25,24.82529727645575
Ring structures,Cyclopropane,C3H6,52.0,24.95676646670195
Ring structures,Cyclopropane,C3H6,52.75,25.112371217870145
Ring structures,Cyclopropane,C3H6,53.5,25.23078066670656
Ring structures,Cyclopropane,C3H6,54.25,25.360321926821747
Ring structures,Cyclopropane,C3H6,55.0,25.46743922329917
Ring structures,Cyclopropane,C3H6,55.75,25.593538020270934
Ring structures,Cyclopropane,C3H6,56.5,25.678932766615013
Ring structures,Cyclopropane,C3H6,57.25,25.813072134182388
Ring structures,Cyclopropane,C3H6,58.0,25.94151188258707
Ring structures,Cyclopropane,C3H6,58.75,26.039063084064725
Ring structures,Cyclopropane,C3H6,59.5,26.15831699911413
Ring structures,Cyclopropane,C3H6,60.25,26.26157291674662
Ring structures,Cyclopropane,C3H6,61.0,26.381902571945464
Ring structures,Cyclopropane,C3H6,61.75,26.498186026540605
Ring structures,Cyclopropane,C3H6,62.5,26.615537930300743
Ring structures,Cyclopropane,C3H6,63.25,26.70128132735987
Ring structures,Cyclopropane,C3H6,64.0,26.811919913372417
Ring structures,Cyclopropane,C3H6,64.75,26.912804503717464
Ring structures,Cyclopropane,C3H6,65.5,26.991883628787644
Ring structures,Cyclopropane,C3H6,66.25,27.067527218051435
Ring structures,Cyclopropane,C3H6,67.0,27.15134617289057
Ring structures,Cyclopropane,C3H6,67.75,27.241329914194594
Ring structures,Cyclopropane,C3H6,68.5,27.297363056134387
Ring structures,Cyclopropane,C3H6,69.25,27.388805005885107
Ring structures,Cyclopropane,C3H6,70.0,27.483609805085475
Ring structures,Cyclopropane,C3H6,70.75,27.53678490046401
Ring structures,Cyclopropane,C3H6,71.5,27.61045269727408
Ring structures,Cyclopropane,C3H6,72.25,27.663809936996348
Ring structures,Cyclopropane,C3H6,73.0,27.78575750934884
Ring structures,Cyclopropane,C3H6,73.75,27.81022866740061
Ring structures,Cyclopropane,C3H6,74.5,27.883537061236186
Ring structures,Cyclopropane,C3H6,75.25,27.933391521160548
Ring structures,Cyclopropane,C3H6,76.0,27.969207072024204
Ring structures,Cyclopropane,C3H6,76.75,28.033524981258875
Ring structures,Cyclopropane,C3H6,77.5,28.100913478780168
Ring structures,Cyclopropane,C3H6,78.25,28.140396600028666
Ring structures,Cyclopropane,C3H6,79.0,28.183982083745015
Ring structures,Cyclopropane,C3H6,79.75,28.23064810846788
Ring structures,Cyclopropane,C3H6,80.5,28.234611348038403
Ring structures,Cyclopropane,C3H6,81.25,28.273882575680947
Ring structures,Cyclopropane,C3H6,82.0,28.32731114785865
Ring structures,Cyclopropane,C3H6,82.75,28.31585962155827
Ring structures,Cyclopropane,C3H6,83.5,28.364322821609083
Ring structures,Cyclopropane,C3H6,84.25,28.386975839480364
Ring structures,Cyclopropane,C3H6,85.0,28.380256215758394
Ring structures,Cyclopropane,C3H6,85.75,28.386995061102578
Ring structures,Cyclopropane,C3H6,86.5,28.404565885750593
Ring structures,Cyclopropane,C3H6,87.25,28.431528698829432
Ring structures,Cyclopropane,C3H6,88.0,28.436552359014506
Ring structures,Cyclopropane,C3H6,88.75,28.450291228766705
Ring structures,Cyclopropane,C3H6,89.5,28.47003477681726
Ring structures,Cyclopropane,C3H6,90.25,28.442509622859436
Ring structures,Cyclopropane,C3H6,91.0,28.48201081068312
Ring structures,Cyclopropane,C3H6,91.75,28.487482352826007
Ring structures,Cyclopropane,C3H6,92.5,28.554176774190605
Ring structures,Cyclopropane,C3H6,93.25,28.554378548051893
Ring structures,Cyclopropane,C3H6,94.0,28.580947552511983
Ring structures,Cyclopropane,C3H6,94.75,28.600869561070514
Ring structures,Cyclopropane,C3H6,95.5,28.600458798602297
Ring structures,Cyclopropane,C3H6,96.25,28.607480836663047
Ring structures,Cyclopropane,C3H6,97.0,28.58859841804948
Ring structures,Cyclopropane,C3H6,97.75,28.557138223555523
Ring structures,Cyclopropane,C3H6,98.5,28.566241962339863
Ring structures,Cyclopropane,C3H6,99.25,28.548910219811155
Ring structures,Cyclopropane,C3H6,100.0,28.534974777527207
Ring structures,Cyclobutane,C4H8,25.0,19.423938129515257
Ring structures,Cyclobutane,C4H8,25.75,20.067569416530723
Ring structures,Cyclobutane,C4H8,26.5,20.730250882641702
Ring structures,Cyclobutane,C4H8,27.25,21.347730459396995
Ring structures,Cyclobutane,C4H8,28.0,22.014880618286316
Ring structures,Cyclobutane,C4H8,28.75,22.616164176869063
Ring structures,Cyclobutane,C4H8,29.5,23.287775759893176
Ring structures,Cyclobutane,C4H8,30.25,23.847231714479232
Ring structures,Cyclobutane,C4H8,31.0,24.400356652735447
Ring structures,Cyclobutane,C4H8,31.75,24.893072749172333
Ring structures,Cyclobutane,C4H8,32.5,25.423548313137722
Ring structures,Cyclobutane,C4H8,33.25,25.951643543751803
Ring structures,Cyclobutane,C4H8,34.0,26.462226674694936
Ring structures,Cyclobutane,C4H8,34.75,26.957900488235218
Ring structures,Cyclobutane,C4H8,35.5,27.427383372424515
Ring structures,Cyclobutane,C4H8,36.25,27.854436102120196
Ring structures,Cyclobutane,C4H8,37.0,28.226803475787587
Ring structures,Cyclobutane,C4H8,37.75,28.643140544336408
Ring structures,Cyclobutane,C4H8,38.5,29.06970165095501
Ring structures,Cyclobutane,C4H8,39.25,29.493782711538206
Ring structures,Cyclobutane,C4H8,40.0,29.849041435861103
Ring structures,Cyclobutane,C4H8,40.75,30.138055543869843
Ring structures,Cyclobutane,C4H8,41.5,30.445135335159925
Ring structures,Cyclobutane,C4H8,42.25,30.670733252818135
Ring structures,Cyclobutane,C4H8,43.0,30.9966054600307
Ring structures,Cyclobutane,C4H8,43.75,31.296567257455138
Ring structures,Cyclobutane,C4H8,44.5,31.547819715350254
Ring structures,Cyclobutane,C4H8,45.25,31.831226354080442
Ring structures,Cyclobutane,C4H8,46.0,32.09879618613236
Ring structures,Cyclobutane,C4H8,46.75,32.37246384198948
Ring structures,Cyclobutane,C4H8,47.5,32.58540364469051
Ring structures,Cyclobutane,C4H8,48.25,32.811176603226315
Ring structures,Cyclobutane,C4H8,49.0,33.13077967469607
Ring structures,Cyclobutane,C4H8,49.75,33.387408164159574
Ring structures,Cyclobutane,C4H8,50.5,33.5393538256182
Ring structures,Cyclobutane,C4H8,51.25,33.74612311789128
Ring structures,Cyclobutane,C4H8,52.0,33.8914445840049
Ring structures,Cyclobutane,C4H8,52.75,34.1166345295486
Ring structures,Cyclobutane,C4H8,53.5,34.27819619490883
Ring structures,Cyclobutane,C4H8,54.25,34.4626885232811
Ring structures,Cyclobutane,C4H8,55.0,34.601082614980236
Ring structures,Cyclobutane,C4H8,55.75,34.79950377806064
Ring structures,Cyclobutane,C4H8,56.5,34.93813681935962
Ring structures,Cyclobutane,C4H8,57.25,35.099995162539706
Ring structures,Cyclobutane,C4H8,58.0,35.264723824335455
Ring structures,Cyclobutane,C4H8,58.75,35.3880979042665
Ring structures,Cyclobutane,C4H8,59.5,35.58505681424224
Ring structures,Cyclobutane,C4H8,60.25,35.71753644417735
Ring structures,Cyclobutane,C4H8,61.0,35.887621676445114
Ring structures,Cyclobutane,C4H8,61.75,36.02220764910924
Ring structures,Cyclobutane,C4H8,62.5,36.19888076921808
Ring structures,Cyclobutane,C4H8,63.25,36.326383751614095
Ring structures,Cyclobutane,C4H8,64.0,36.48473983383765
Ring structures,Cyclobutane,C4H8,64.75,36.631191830317015
Ring structures,Cyclobutane,C4H8,65.5,36.73480150358421
Ring structures,Cyclobutane,C4H8,66.25,36.861303285429535
Ring structures,Cyclobutane,C4H8,67.0,36.97966525982071
Ring structures,Cyclobutane,C4H8,67.75,37.064805774322714
Ring structures,Cyclobutane,C4H8,68.5,37.166973816866616
Ring structures,Cyclobutane,C4H8,69.25,37.32528166163762
Ring structures,Cyclobutane,C4H8,70.0,37.41516202290701
Ring structures,Cyclobutane,C4H8,70.75,37.47714682992044
Ring structures,Cyclobutane,C4H8,71.5,37.57298527004386
Ring structures,Cyclobutane,C4H8,72.25,37.690567728648695
Ring structures,Cyclobutane,C4H8,73.0,37.815087593648386
Ring structures,Cyclobutane,C4H8,73.75,37.89395505856825
Ring structures,Cyclobutane,C4H8,74.5,37.997373258550645
Ring structures,Cyclobutane,C4H8,75.25,38.06800927890058
Ring structures,Cyclobutane,C4H8,76.0,38.121695251168354
Ring structures,Cyclobutane,C4H8,76.75,38.18379509426838
Ring structures,Cyclobutane,C4H8,77.5,38.283927511571086
Ring structures,Cyclobutane,C4H8,78.25,38.35501769767984
Ring structures,Cyclobutane,C4H8,79.0,38.401791339872624
Ring structures,Cyclobutane,C4H8,79.75,38.50735172008146
Ring structures,Cyclobutane,C4H8,80.5,38.502851770735845
Ring structures,Cyclobutane,C4H8,81.25,38.55288418871696
Ring structures,Cyclobutane,C4H8,82.0,38.61269185765094
Ring structures,Cyclobutane,C4H8,82.75,38.63684764973195
Ring structures,Cyclobutane,C4H8,83.5,38.67808168411889
Ring structures,Cyclobutane,C4H8,84.25,38.70382696998851
Ring structures,Cyclobutane,C4H8,85.0,38.73095180643415
Ring structures,Cyclobutane,C4H8,85.75,38.7632037123734
Ring structures,Cyclobutane,C4H8,86.5,38.746798145088086
Ring structures,Cyclobutane,C4H8,87.25,38.79653608445427
Ring structures,Cyclobutane,C4H8,88.0,38.807722006412924
Ring structures,Cyclobutane,C4H8,88.75,38.815105492837844
Ring structures,Cyclobutane,C4H8,89.5,38.85825514920273
Ring structures,Cyclobutane,C4H8,90.25,38.85560024873391
Ring structures,Cyclobutane,C4H8,91.0,38.901862423046055
Ring structures,Cyclobutane,C4H8,91.75,38.909932942099175
Ring structures,Cyclobutane,C4H8,92.5,38.99739864198706
Ring structures,Cyclobutane,C4H8,93.25,39.01855093787505
Ring structures,Cyclobutane,C4H8,94.0,39.06932239353053
Ring structures,Cyclobutane,C4H8,94.75,39.103267913185974
Ring structures,Cyclobutane,C4H8,95.5,39.10749082659236
Ring structures,Cyclobutane,C4H8,96.25,39.11861223480676
Ring structures,Cyclobutane,C4H8,97.0,39.085611293872326
Ring structures,Cyclobutane,C4H8,97.75,39.07256271867002
Ring structures,Cyclobutane,C4H8,98.5,39.05556738598192
Ring structures,Cyclobutane,C4H8,99.25,39.05953687403936
Ring structures,Cyclobutane,C4H8,100.0,39.06003319166141
Ring structures,Cyclopentane,C5H10,25.0,24.407582140996745
Ring structures,Cyclopentane,C5H10,25.75,25.168761812046704
Ring structures,Cyclopentane,C5H10,26.5,25.952849419616257
Ring structures,Cyclopentane,C5H10,27.25,26.673959293344787
Ring structures,Cyclopentane,C5H10,28.0,27.460440977809107
Ring structures,Cyclopentane,C5H10,28.75,28.163188967018698
Ring structures,Cyclopentane,C5H10,29.5,28.9612669698771
Ring structures,Cyclopentane,C5H10,30.25,29.635586991138442
Ring structures,Cyclopentane,C5H10,31.0,30.326214071549426
Ring structures,Cyclopentane,C5H10,31.75,30.938814889530377
Ring structures,Cyclopentane,C5H10,32.5,31.60312149743879
Ring structures,Cyclopentane,C5H10,33.25,32.26466421391035
Ring structures,Cyclopentane,C5H10,34.0,32.90019159021403
Ring structures,Cyclopentane,C5H10,34.75,33.515944050596524
Ring structures,Cyclopentane,C5H10,35.5,34.082723086234544
Ring structures,Cyclopentane,C5H10,36.25,34.600518688371224
Ring structures,Cyclopentane,C5H10,37.0,35.03616842100174
Ring structures,Cyclopentane,C5H10,37.75,35.5407146386294
Ring structures,Cyclopentane,C5H10,38.5,36.052059689287326
Ring structures,Cyclopentane,C5H10,39.25,36.566756226987714
Ring structures,Cyclopentane,C5H10,40.0,36.985369087397466
Ring structures,Cyclopentane,C5H10,40.75,37.33291595879944
Ring structures,Cyclopentane,C5H10,41.5,37.70317320032553
Ring structures,Cyclopentane,C5H10,42.25,37.96452799009418
Ring structures,Cyclopentane,C5H10,43.0,38.35078022347674
Ring structures,Cyclopentane,C5H10,43.75,38.71372566153279
Ring structures,Cyclopentane,C5H10,44.5,39.008127413149424
Ring structures,Cyclopentane,C5H10,45.25,39.36692034877312
Ring structures,Cyclopentane,C5H10,46.0,39.70624906853994
Ring structures,Cyclopentane,C5H10,46.75,40.05650766336602
Ring structures,Cyclopentane,C5H10,47.5,40.33371235757247
Ring structures,Cyclopentane,C5H10,48.25,40.61754113555998
Ring structures,Cyclopentane,C5H10,49.0,41.03219050576454
Ring structures,Cyclopentane,C5H10,49.75,41.35860490241837
Ring structures,Cyclopentane,C5H10,50.5,41.55067061009798
Ring structures,Cyclopentane,C5H10,51.25,41.815882129742896
Ring structures,Cyclopentane,C5H10,52.0,41.99230968705354
Ring structures,Cyclopentane,C5H10,52.75,42.27784388565795
Ring structures,Cyclopentane,C5H10,53.5,42.4791266883897
Ring structures,Cyclopentane,C5H10,54.25,42.71728193334364
Ring structures,Cyclopentane,C5H10,55.0,42.89191489255397
Ring structures,Cyclopentane,C5H10,55.75,43.14573466145479
Ring structures,Cyclopentane,C5H10,56.5,43.33016168427181
Ring structures,Cyclopentane,C5H10,57.25,43.53342183000452
Ring structures,Cyclopentane,C5H10,58.0,43.74402773132029
Ring structures,Cyclopentane,C5H10,58.75,43.89758570310057
Ring structures,Cyclopentane,C5H10,59.5,44.158629678709396
Ring structures,Cyclopentane,C5H10,60.25,44.321956362559995
Ring structures,Cyclopentane,C5H10,61.0,44.543184815194735
Ring structures,Cyclopentane,C5H10,61.75,44.710796583996064
Ring structures,Cyclopentane,C5H10,62.5,44.94074403525925
Ring structures,Cyclopentane,C5H10,63.25,45.10243585811141
Ring structures,Cyclopentane,C5H10,64.0,45.306169026457304
Ring structures,Cyclopentane,C5H10,64.75,45.4947878958542
Ring structures,Cyclopentane,C5H10,65.5,45.630012894960764
Ring structures,Cyclopentane,C5H10,66.25,45.79620428501852
Ring structures,Cyclopentane,C5H10,67.0,45.94792998834633
Ring structures,Cyclopentane,C5H10,67.75,46.05888020983925
Ring structures,Cyclopentane,C5H10,68.5,46.18722918120985
Ring structures,Cyclopentane,C5H10,69.25,46.401074855687085
Ring structures,Cyclopentane,C5H10,70.0,46.51459923180669
Ring structures,Cyclopentane,C5H10,70.75,46.58403038711956
Ring structures,Cyclopentane,C5H10,71.5,46.70590135299727
Ring structures,Cyclopentane,C5H10,72.25,46.86418967249077
Ring structures,Cyclopentane,C5H10,73.0,47.02517601051365
Ring structures,Cyclopentane,C5H10,73.75,47.12981692468518
Ring structures,Cyclopentane,C5H10,74.5,47.26133127281519
Ring structures,Cyclopentane,C5H10,75.25,47.349795270702366
Ring structures,Cyclopentane,C5H10,76.0,47.42093453722797
Ring structures,Cyclopentane,C5H10,76.75,47.499062566900804
Ring structures,Cyclopentane,C5H10,77.5,47.63307498045479
Ring structures,Cyclopentane,C5H10,78.25,47.73000653935235
Ring structures,Cyclopentane,C5H10,79.0,47.785722456300654
Ring structures,Cyclopentane,C5H10,79.75,47.93217399324172
Ring structures,Cyclopentane,C5H10,80.5,47.923204547846964
Ring structures,Cyclopentane,C5H10,81.25,47.995176685292634
Ring structures,Cyclopentane,C5H10,82.0,48.07666432288127
Ring structures,Cyclopentane,C5H10,82.75,48.10989463578306
Ring structures,Cyclopentane,C5H10,83.5,48.16400078264968
Ring structures,Cyclopentane,C5H10,84.25,48.204016393757726
Ring structures,Cyclopentane,C5H10,85.0,48.23927334218432
Ring structures,Cyclopentane,C5H10,85.75,48.28823462731479
Ring structures,Cyclopentane,C5H10,86.5,48.26474457244631
Ring structures,Cyclopentane,C5H10,87.25,48.33930332377437
Ring structures,Cyclopentane,C5H10,88.0,48.35709684398287
Ring structures,Cyclopentane,C5H10,88.75,48.36974382715302
Ring structures,Cyclopentane,C5H10,89.5,48.43081305501437
Ring structures,Cyclopentane,C5H10,90.25,48.43705796788511
Ring structures,Cyclopentane,C5H10,91.0,48.505378253231754
Ring structures,Cyclopentane,C5H10,91.75,48.522821986587914
Ring structures,Cyclopentane,C5H10,92.5,48.649682164205174
Ring structures,Cyclopentane,C5H10,93.25,48.6790311186408
Ring structures,Cyclopentane,C5H10,94.0,48.75733654355827
Ring structures,Cyclopentane,C5H10,94.75,48.81097212410072
Ring structures,Cyclopentane,C5H10,95.5,48.827054742873
Ring structures,Cyclopentane,C5H10,96.25,48.84701457908111
Ring structures,Cyclopentane,C5H10,97.0,48.81135866380317
Ring structures,Cyclopentane,C5H10,97.75,48.80408231868864
Ring structures,Cyclopentane,C5H10,98.5,48.782386598388754
Ring structures,Cyclopentane,C5H10,99.25,48.80325728888752
Ring structures,Cyclopentane,C5H10,100.0,48.80422360871505
Ring structures,Vanillin,C8H8O3,25.0,33.04632864985107
Ring structures,Vanillin,C8H8O3,25.75,34.18572446716697
Ring structures,Vanillin,C8H8O3,26.5,35.477493206056046
Ring structures,Vanillin,C8H8O3,27.25,36.7309225432901
Ring structures,Vanillin,C8H8O3,28.0,37.986783232460105
Ring structures,Vanillin,C8H8O3,28.75,39.217104539371995
Ring structures,Vanillin,C8H8O3,29.5,40.1930040447461
Ring structures,Vanillin,C8H8O3,30.25,41.3133456512911
Ring structures,Vanillin,C8H8O3,31.0,42.201869393112254
Ring structures,Vanillin,C8H8O3,31.75,43.017443950520786
Ring structures,Vanillin,C8H8O3,32.5,43.79576152834354
Ring structures,Vanillin,C8H8O3,33.25,44.847693458387866
Ring structures,Vanillin,C8H8O3,34.0,45.60760692132237
Ring structures,Vanillin,C8H8O3,34.75,46.576420579106376
Ring structures,Vanillin,C8H8O3,35.5,47.481973340217365
Ring structures,Vanillin,C8H8O3,36.25,48.24112847776057
Ring structures,Vanillin,C8H8O3,37.0,49.0190209977112
Ring structures,Vanillin,C8H8O3,37.75,49.71867867325679
Ring structures,Vanillin,C8H8O3,38.5,50.59361323899017
Ring structures,Vanillin,C8H8O3,39.25,51.1705806138196
Ring structures,Vanillin,C8H8O3,40.0,51.94033143374238
Ring structures,Vanillin,C8H8O3,40.75,52.721524470295016
Ring structures,Vanillin,C8H8O3,41.5,53.03113545087489
Ring structures,Vanillin,C8H8O3,42.25,53.582548889973936
Ring structures,Vanillin,C8H8O3,43.0,54.04331362058893
Ring structures,Vanillin,C8H8O3,43.75,54.401372965128495
Ring structures,Vanillin,C8H8O3,44.5,55.230269119315636
Ring structures,Vanillin,C8H8O3,45.25,55.43630174200901
Ring structures,Vanillin,C8H8O3,46.0,55.84575173004186
Ring structures,Vanillin,C8H8O3,46.75,56.31328064157827
Ring structures,Vanillin,C8H8O3,47.5,56.62580576748707
Ring structures,Vanillin,C8H8O3,48.25,57.413912579188576
Ring structures,Vanillin,C8H8O3,49.0,57.645418208923374
Ring structures,Vanillin,C8H8O3,49.75,58.0144058936465
Ring structures,Vanillin,C8H8O3,50.5,58.45889587194433
Ring structures,Vanillin,C8H8O3,51.25,58.63892245973462
Ring structures,Vanillin,C8H8O3,52.0,59.16339139597435
Ring structures,Vanillin,C8H8O3,52.75,59.37779699051035
Ring structures,Vanillin,C8H8O3,53.5,59.65425321324507
Ring structures,Vanillin,C8H8O3,54.25,60.00022080429249
Ring structures,Vanillin,C8H8O3,55.0,60.41208236301652
Ring structures,Vanillin,C8H8O3,55.75,60.45653218554785
Ring structures,Vanillin,C8H8O3,56.5,60.69441745725476
Ring structures,Vanillin,C8H8O3,57.25,61.11483440672574
Ring structures,Vanillin,C8H8O3,58.0,61.50450005103442
Ring structures,Vanillin,C8H8O3,58.75,61.86383169916046
Ring structures,Vanillin,C8H8O3,59.5,61.9790143406589
Ring structures,Vanillin,C8H8O3,60.25,62.29265312293538
Ring structures,Vanillin,C8H8O3,61.0,62.59513714426525
Ring structures,Vanillin,C8H8O3,61.75,63.0529686092351
Ring structures,Vanillin,C8H8O3,62.5,63.289002119778885
Ring structures,Vanillin,C8H8O3,63.25,63.55838025507201
Ring structures,Vanillin,C8H8O3,64.0,63.85736311963983
Ring structures,Vanillin,C8H8O3,64.75,64.11860227825929
Ring structures,Vanillin,C8H8O3,65.5,64.46519597626362
Ring structures,Vanillin,C8H8O3,66.25,64.58412381952495
Ring structures,Vanillin,C8H8O3,67.0,64.77766904626951
Ring structures,Vanillin,C8H8O3,67.75,65.41730414607918
Ring structures,Vanillin,C8H8O3,68.5,65.41158185279834
Ring structures,Vanillin,C8H8O3,69.25,65.47505690182616
Ring structures,Vanillin,C8H8O3,70.0,65.9999412272421
Ring structures,Vanillin,C8H8O3,70.75,66.25514676562659
Ring structures,Vanillin,C8H8O3,71.5,66.49029922038393
Ring structures,Vanillin,C8H8O3,72.25,66.4218101787205
Ring structures,Vanillin,C8H8O3,73.0,66.94572251399237
Ring structures,Vanillin,C8H8O3,73.75,66.84869021705047
Ring structures,Vanillin,C8H8O3,74.5,67.01201756895023
Ring structures,Vanillin,C8H8O3,75.25,67.14993887074894
Ring structures,Vanillin,C8H8O3,76.0,67.31416989005008
Ring structures,Vanillin,C8H8O3,76.75,67.62625805506342
Ring structures,Vanillin,C8H8O3,77.5,67.73273310677398
Ring structures,Vanillin,C8H8O3,78.25,67.77940262240463
Ring structures,Vanillin,C8H8O3,79.0,67.9726590620163
Ring structures,Vanillin,C8H8O3,79.75,67.89822313668581
Ring structures,Vanillin,C8H8O3,80.5,68.08449336706113
Ring structures,Vanillin,C8H8O3,81.25,68.2394548019918
Ring structures,Vanillin,C8H8O3,82.0,68.40812536662662
Ring structures,Vanillin,C8H8O3,82.75,68.24756544905857
Ring structures,Vanillin,C8H8O3,83.5,68.50126267344487
Ring structures,Vanillin,C8H8O3,84.25,68.7009421092236
Ring structures,Vanillin,C8H8O3,85.0,68.49291197576109
Ring structures,Vanillin,C8H8O3,85.75,68.40904469489176
Ring structures,Vanillin,C8H8O3,86.5,68.69673526316454
Ring structures,Vanillin,C8H8O3,87.25,68.74519073617182
Ring structures,Vanillin,C8H8O3,88.0,68.79296433105335
Ring structures,Vanillin,C8H8O3,88.75,68.92232680828701
Ring structures,Vanillin,C8H8O3,89.5,68.81337746041899
Ring structures,Vanillin,C8H8O3,90.25,68.73474031079805
Ring structures,Vanillin,C8H8O3,91.0,68.90417668627117
Ring structures,Vanillin,C8H8O3,91.75,69.05317290055372
Ring structures,Vanillin,C8H8O3,92.5,69.18643083574263
Ring structures,Vanillin,C8H8O3,93.25,69.10794458094313
Ring structures,Vanillin,C8H8O3,94.0,69.15963639059358
Ring structures,Vanillin,C8H8O3,94.75,69.18382040277893
Ring structures,Vanillin,C8H8O3,95.5,69.26106715210372
Ring structures,Vanillin,C8H8O3,96.25,69.2928017272048
Ring structures,Vanillin,C8H8O3,97.0,69.35006592294677
Ring structures,Vanillin,C8H8O3,97.75,69.15861573192869
Ring structures,Vanillin,C8H8O3,98.5,69.32336588408297
Ring structures,Vanillin,C8H8O3,99.25,69.17605224607975
Ring structures,Vanillin,C8H8O3,100.0,68.94726019966998
Ring structures,Naphthalene,C10H8,25.0,29.510171214299845
Ring structures,Naphthalene,C10H8,25.75,30.311807338725224
Ring structures,Naphthalene,C10H8,26.5,31.66835658116014
Ring structures,Naphthalene,C10H8,27.25,32.68230157364447
Ring structures,Naphthalene,C10H8,28.0,33.96265481063759
Ring structures,Naphthalene,C10H8,28.75,34.88689912805753
Ring structures,Naphthalene,C10H8,29.5,35.71617694499189
Ring structures,Naphthalene,C10H8,30.25,36.756797879087586
Ring structures,Naphthalene,C10H8,31.0,37.73354167984302
Ring structures,Naphthalene,C10H8,31.75,38.277552696359535
Ring structures,Naphthalene,C10H8,32.5,38.97919348554658
Ring structures,Naphthalene,C10H8,33.25,40.14277670539361
Ring structures,Naphthalene,C10H8,34.0,40.68426536427954
Ring structures,Naphthalene,C10H8,34.75,41.62103268335298
Ring structures,Naphthalene,C10H8,35.5,42.56358959086279
Ring structures,Naphthalene,C10H8,36.25,43.33828177523147
Ring structures,Naphthalene,C10H8,37.0,43.860617562111315
Ring structures,Naphthalene,C10H8,37.75,44.48146841927892
Ring structures,Naphthalene,C10H8,38.5,45.470167373567264
Ring structures,Naphthalene,C10H8,39.25,45.92092680940715
Ring structures,Naphthalene,C10H8,40.0,46.615525408172864
Ring structures,Naphthalene,C10H8,40.75,47.48508051998703
Ring structures,Naphthalene,C10H8,41.5,47.65955780234131
Ring structures,Naphthalene,C10H8,42.25,47.80134308063774
Ring structures,Naphthalene,C10H8,43.0,48.311409985569796
Ring structures,Naphthalene,C10H8,43.75,48.5130799587723
Ring structures,Naphthalene,C10H8,44.5,49.33286236124654
Ring structures,Naphthalene,C10H8,45.25,49.43002596517619
Ring structures,Naphthalene,C10H8,46.0,49.90952310695877
Ring structures,Naphthalene,C10H8,46.75,50.51969938307272
Ring structures,Naphthalene,C10H8,47.5,50.54823898509964
Ring structures,Naphthalene,C10H8,48.25,51.46117597518556
Ring structures,Naphthalene,C10H8,49.0,51.899074468750484
Ring structures,Naphthalene,C10H8,49.75,52.24422250703479
Ring structures,Naphthalene,C10H8,50.5,52.56849453245022
Ring structures,Naphthalene,C10H8,51.25,52.77059761656926
Ring structures,Naphthalene,C10H8,52.0,53.28669281261201
Ring structures,Naphthalene,C10H8,52.75,53.641293061491325
Ring structures,Naphthalene,C10H8,53.5,53.80327408405132
Ring structures,Naphthalene,C10H8,54.25,54.21451521650037
Ring structures,Naphthalene,C10H8,55.0,54.53186529456065
Ring structures,Naphthalene,C10H8,55.75,54.59815113446179
Ring structures,Naphthalene,C10H8,56.5,54.73920081030608
Ring structures,Naphthalene,C10H8,57.25,55.29643212893937
Ring structures,Naphthalene,C10H8,58.0,55.832855306830886
Ring structures,Naphthalene,C10H8,58.75,56.08757564506138
Ring structures,Naphthalene,C10H8,59.5,56.3064113762425
Ring structures,Naphthalene,C10H8,60.25,56.550219615144165
Ring structures,Naphthalene,C10H8,61.0,57.04443415735773
Ring structures,Naphthalene,C10H8,61.75,57.58803796698806
Ring structures,Naphthalene,C10H8,62.5,57.958974481003224
Ring structures,Naphthalene,C10H8,63.25,58.120395201562864
Ring structures,Naphthalene,C10H8,64.0,58.49359453213812
Ring structures,Naphthalene,C10H8,64.75,58.79540431486491
Ring structures,Naphthalene,C10H8,65.5,59.15450964745128
Ring structures,Naphthalene,C10H8,66.25,59.280863205712976
Ring structures,Naphthalene,C10H8,67.0,59.50271114696907
Ring structures,Naphthalene,C10H8,67.75,60.39497860181537
Ring structures,Naphthalene,C10H8,68.5,60.17391185819402
Ring structures,Naphthalene,C10H8,69.25,60.389494258265934
Ring structures,Naphthalene,C10H8,70.0,61.1419352105968
Ring structures,Naphthalene,C10H8,70.75,61.24002755718065
Ring structures,Naphthalene,C10H8,71.5,61.57558508893434
Ring structures,Naphthalene,C10H8,72.25,61.457427020620656
Ring structures,Naphthalene,C10H8,73.0,62.48202937254603
Ring structures,Naphthalene,C10H8,73.75,62.11906397350005
Ring structures,Naphthalene,C10H8,74.5,62.34517556956872
Ring structures,Naphthalene,C10H8,75.25,62.42567746752907
Ring structures,Naphthalene,C10H8,76.0,62.54112525078887
Ring structures,Naphthalene,C10H8,76.75,62.995557582977526
Ring structures,Naphthalene,C10H8,77.5,63.23845450158199
Ring structures,Naphthalene,C10H8,78.25,63.261428923110934
Ring structures,Naphthalene,C10H8,79.0,63.38811367756169
Ring structures,Naphthalene,C10H8,79.75,63.35731596026813
Ring structures,Naphthalene,C10H8,80.5,63.33442846211175
Ring structures,Naphthalene,C10H8,81.25,63.65993785084692
Ring structures,Naphthalene,C10H8,82.0,64.06613502521243
Ring structures,Naphthalene,C10H8,82.75,63.65357152880786
Ring structures,Naphthalene,C10H8,83.5,64.1101675328139
Ring structures,Naphthalene,C10H8,84.25,64.40343206839763
Ring structures,Naphthalene,C10H8,85.0,63.930658934026845
Ring structures,Naphthalene,C10H8,85.75,63.80358257254945
Ring structures,Naphthalene,C10H8,86.5,64.12671359776506
Ring structures,Naphthalene,C10H8,87.25,64.37213727979507
Ring structures,Naphthalene,C10H8,88.0,64.38417131924432
Ring structures,Naphthalene,C10H8,88.75,64.54826506669761
Ring structures,Naphthalene,C10H8,89.5,64.44584906463811
Ring structures,Naphthalene,C10H8,90.25,64.13877723053372
Ring structures,Naphthalene,C10H8,91.0,64.53784938880162
Ring structures,Naphthalene,C10H8,91.75,64.62915960062033
Ring structures,Naphthalene,C10H8,92.5,65.16599376404778
Ring structures,Naphthalene,C10H8,93.25,64.87009090408182
Ring structures,Naphthalene,C10H8,94.0,65.01113040263344
Ring structures,Naphthalene,C10H8,94.75,65.07427853807611
Ring structures,Naphthalene,C10H8,95.5,65.23869415554381
Ring structures,Naphthalene,C10H8,96.25,65.39689036514311
Ring structures,Naphthalene,C10H8,97.0,65.43270195688655
Ring structures,Naphthalene,C10H8,97.75,65.10261195255329
Ring structures,Naphthalene,C10H8,98.5,65.4014020926002
Ring structures,Naphthalene,C10H8,99.25,65.26156426478697
Ring structures,Naphthalene,C10H8,100.0,64.90336450173714
Ring structures,Pyridine,C5H5N,25.0,18.04550391361724
Ring structures,Pyridine,C5H5N,25.75,18.676876425413738
Ring structures,Pyridine,C5H5N,26.5,19.399739341305512
Ring structures,Pyridine,C5H5N,27.25,20.195580366845448
Ring structures,Pyridine,C5H5N,28.0,20.896077852502422
Ring structures,Pyridine,C5H5N,28.75,21.558132718530985
Ring structures,Pyridine,C5H5N,29.5,22.138832375967976
Ring structures,Pyridine,C5H5N,30.25,22.80371730842925
Ring structures,Pyridine,C5H5N,31.0,23.35261268314685
Ring structures,Pyridine,C5H5N,31.75,23.77828247964429
Ring structures,Pyridine,C5H5N,32.5,24.223515392001655
Ring structures,Pyridine,C5H5N,33.25,24.84801909151362
Ring structures,Pyridine,C5H5N,34.0,25.268410563807066
Ring structures,Pyridine,C5H5N,34.75,25.79573156228686
Ring structures,Pyridine,C5H5N,35.5,26.34601371451921
Ring structures,Pyridine,C5H5N,36.25,26.767051929559337
Ring structures,Pyridine,C5H5N,37.0,27.246083489396998
Ring structures,Pyridine,C5H5N,37.75,27.608649253021166
Ring structures,Pyridine,C5H5N,38.5,28.153156538156903
Ring structures,Pyridine,C5H5N,39.25,28.455278582828868
Ring structures,Pyridine,C5H5N,40.0,29.010235266131122
Ring structures,Pyridine,C5H5N,40.75,29.34299455206809
Ring structures,Pyridine,C5H5N,41.5,29.476821785853996
Ring structures,Pyridine,C5H5N,42.25,29.709350966791472
Ring structures,Pyridine,C5H5N,43.0,30.104166989301753
Ring structures,Pyridine,C5H5N,43.75,30.333469992214898
Ring structures,Pyridine,C5H5N,44.5,30.72900234717483
Ring structures,Pyridine,C5H5N,45.25,30.753675430794946
Ring structures,Pyridine,C5H5N,46.0,31.142262998898534
Ring structures,Pyridine,C5H5N,46.75,31.449386752996162
Ring structures,Pyridine,C5H5N,47.5,31.488735709663803
Ring structures,Pyridine,C5H5N,48.25,31.97845596224003
Ring structures,Pyridine,C5H5N,49.0,32.21406430602526
Ring structures,Pyridine,C5H5N,49.75,32.432383918002984
Ring structures,Pyridine,C5H5N,50.5,32.58448193073968
Ring structures,Pyridine,C5H5N,51.25,32.66763595123196
Ring structures,Pyridine,C5H5N,52.0,33.03360143313248
Ring structures,Pyridine,C5H5N,52.75,33.195143763294205
Ring structures,Pyridine,C5H5N,53.5,33.389597111506326
Ring structures,Pyridine,C5H5N,54.25,33.529839718063585
Ring structures,Pyridine,C5H5N,55.0,33.722664984527704
Ring structures,Pyridine,C5H5N,55.75,33.809131677095635
Ring structures,Pyridine,C5H5N,56.5,33.837675106152886
Ring structures,Pyridine,C5H5N,57.25,34.15363142932735
Ring structures,Pyridine,C5H5N,58.0,34.39896896992827
Ring structures,Pyridine,C5H5N,58.75,34.60762155857236
Ring structures,Pyridine,C5H5N,59.5,34.641258601605955
Ring structures,Pyridine,C5H5N,60.25,34.869081651675145
Ring structures,Pyridine,C5H5N,61.0,35.05422496214246
Ring structures,Pyridine,C5H5N,61.75,35.40382591356894
Ring structures,Pyridine,C5H5N,62.5,35.544241732941614
Ring structures,Pyridine,C5H5N,63.25,35.669328599479066
Ring structures,Pyridine,C5H5N,64.0,35.85228479754125
Ring structures,Pyridine,C5H5N,64.75,36.01165554653016
Ring structures,Pyridine,C5H5N,65.5,36.20006133518335
Ring structures,Pyridine,C5H5N,66.25,36.24430528127648
Ring structures,Pyridine,C5H5N,67.0,36.40860774485609
Ring structures,Pyridine,C5H5N,67.75,36.71749227303683
Ring structures,Pyridine,C5H5N,68.5,36.742782420337065
Ring structures,Pyridine,C5H5N,69.25,36.774403855090604
Ring structures,Pyridine,C5H5N,70.0,37.12974139534105
Ring structures,Pyridine,C5H5N,70.75,37.29058287922126
Ring structures,Pyridine,C5H5N,71.5,37.450349534243614
Ring structures,Pyridine,C5H5N,72.25,37.36662820010477
Ring structures,Pyridine,C5H5N,73.0,37.76763733789559
Ring structures,Pyridine,C5H5N,73.75,37.63658615861265
Ring structures,Pyridine,C5H5N,74.5,37.76972478676553
Ring structures,Pyridine,C5H5N,75.25,37.86564298892843
Ring structures,Pyridine,C5H5N,76.0,37.90881430286188
Ring structures,Pyridine,C5H5N,76.75,38.14247928033498
Ring structures,Pyridine,C5H5N,77.5,38.24462749984212
Ring structures,Pyridine,C5H5N,78.25,38.25322703016829
Ring structures,Pyridine,C5H5N,79.0,38.41033848043215
Ring structures,Pyridine,C5H5N,79.75,38.307564249884116
Ring structures,Pyridine,C5H5N,80.5,38.38678766703264
Ring structures,Pyridine,C5H5N,81.25,38.493030428619825
Ring structures,Pyridine,C5H5N,82.0,38.66798067476166
Ring structures,Pyridine,C5H5N,82.75,38.47190928210307
Ring structures,Pyridine,C5H5N,83.5,38.69341495777538
Ring structures,Pyridine,C5H5N,84.25,38.77232515606679
Ring structures,Pyridine,C5H5N,85.0,38.62794971825588
Ring structures,Pyridine,C5H5N,85.75,38.5625063481793
Ring structures,Pyridine,C5H5N,86.5,38.814339070903344
Ring structures,Pyridine,C5H5N,87.25,38.78407876507182
Ring structures,Pyridine,C5H5N,88.0,38.78249191156136
Ring structures,Pyridine,C5H5N,88.75,38.88061785380112
Ring structures,Pyridine,C5H5N,89.5,38.884082566251635
Ring structures,Pyridine,C5H5N,90.25,38.68880997458921
Ring structures,Pyridine,C5H5N,91.0,38.80707751336713
Ring structures,Pyridine,C5H5N,91.75,38.85758534389367
Ring structures,Pyridine,C5H5N,92.5,39.032049819972706
Ring structures,Pyridine,C5H5N,93.25,38.996006636869886
Ring structures,Pyridine,C5H5N,94.0,39.03046533761829
Ring structures,Pyridine,C5H5N,94.75,39.09693823459704
Ring structures,Pyridine,C5H5N,95.5,39.09149352596675
Ring structures,Pyridine,C5H5N,96.25,39.098752079930485
Ring structures,Pyridine,C5H5N,97.0,39.14005934904828
Ring structures,Pyridine,C5H5N,97.75,38.984378014067815
Ring structures,Pyridine,C5H5N,98.5,39.152937456043716
Ring structures,Pyridine,C5H5N,99.25,39.045645216755396
Ring structures,Pyridine,C5H5N,100.0,38.9661627090992
Ring structures,Pyrimidine,C4H4N2,25.0,16.28047462503752
Ring structures,Pyrimidine,C4H4N2,25.75,16.894367078805075
Ring structures,Pyrimidine,C4H4N2,26.5,17.527311816459477
Ring structures,Pyrimidine,C4H4N2,27.25,18.362809628691167
Ring structures,Pyrimidine,C4H4N2,28.0,18.962425314536368
Ring structures,Pyrimidine,C4H4N2,28.75,19.62188022396965
Ring structures,Pyrimidine,C4H4N2,29.5,20.10645593499933
Ring structures,Pyrimidine,C4H4N2,30.25,20.770050295258393
Ring structures,Pyrimidine,C4H4N2,31.0,21.248432776068206
Ring structures,Pyrimidine,C4H4N2,31.75,21.64715543453186
Ring structures,Pyrimidine,C4H4N2,32.5,22.02220395720253
Ring structures,Pyrimidine,C4H4N2,33.25,22.599625306953605
Ring structures,Pyrimidine,C4H4N2,34.0,22.973880771157273
Ring structures,Pyrimidine,C4H4N2,34.75,23.45050529490573
Ring structures,Pyrimidine,C4H4N2,35.5,23.939233672440253
Ring structures,Pyrimidine,C4H4N2,36.25,24.280575883430757
Ring structures,Pyrimidine,C4H4N2,37.0,24.797256170149318
Ring structures,Pyrimidine,C4H4N2,37.75,25.082838856369598
Ring structures,Pyrimidine,C4H4N2,38.5,25.578616505680294
Ring structures,Pyrimidine,C4H4N2,39.25,25.789260970619708
Ring structures,Pyrimidine,C4H4N2,40.0,26.392905448346024
Ring structures,Pyrimidine,C4H4N2,40.75,26.67521408660392
Ring structures,Pyrimidine,C4H4N2,41.5,26.744904159885984
Ring structures,Pyrimidine,C4H4N2,42.25,27.032954479304134
Ring structures,Pyrimidine,C4H4N2,43.0,27.43392920950413
Ring structures,Pyrimidine,C4H4N2,43.75,27.65254358487138
Ring structures,Pyrimidine,C4H4N2,44.5,28.063772336131233
Ring structures,Pyrimidine,C4H4N2,45.25,27.977046999284934
Ring structures,Pyrimidine,C4H4N2,46.0,28.396801476951264
Ring structures,Pyrimidine,C4H4N2,46.75,28.65220803936807
Ring structures,Pyrimidine,C4H4N2,47.5,28.637383364268697
Ring structures,Pyrimidine,C4H4N2,48.25,29.161814595760834
Ring structures,Pyrimidine,C4H4N2,49.0,29.301264248369748
Ring structures,Pyrimidine,C4H4N2,49.75,29.469634143753918
Ring structures,Pyrimidine,C4H4N2,50.5,29.60902931542496
Ring structures,Pyrimidine,C4H4N2,51.25,29.609444788998303
Ring structures,Pyrimidine,C4H4N2,52.0,30.050233778112514
Ring structures,Pyrimidine,C4H4N2,52.75,30.129937997627803
Ring structures,Pyrimidine,C4H4N2,53.5,30.350329002183756
Ring structures,Pyrimidine,C4H4N2,54.25,30.42504403255462
Ring structures,Pyrimidine,C4H4N2,55.0,30.632767038281063
Ring structures,Pyrimidine,C4H4N2,55.75,30.65423755952196
Ring structures,Pyrimidine,C4H4N2,56.5,30.626893245540316
Ring structures,Pyrimidine,C4H4N2,57.25,30.953845245375522
Ring structures,Pyrimidine,C4H4N2,58.0,31.174611185301053
Ring structures,Pyrimidine,C4H4N2,58.75,31.416168420072967
Ring structures,Pyrimidine,C4H4N2,59.5,31.33338170404229
Ring structures,Pyrimidine,C4H4N2,60.25,31.589568122806774
Ring structures,Pyrimidine,C4H4N2,61.0,31.70522976870392
Ring structures,Pyrimidine,C4H4N2,61.75,32.092765730942375
Ring structures,Pyrimidine,C4H4N2,62.5,32.149159565347986
Ring structures,Pyrimidine,C4H4N2,63.25,32.252980596560285
Ring structures,Pyrimidine,C4H4N2,64.0,32.38626583228988
Ring structures,Pyrimidine,C4H4N2,64.75,32.50516962377761
Ring structures,Pyrimidine,C4H4N2,65.5,32.69452735320013
Ring structures,Pyrimidine,C4H4N2,66.25,32.66935658550556
Ring structures,Pyrimidine,C4H4N2,67.0,32.82336555787975
Ring structures,Pyrimidine,C4H4N2,67.75,33.12382812054652
Ring structures,Pyrimidine,C4H4N2,68.5,33.146959872190756
Ring structures,Pyrimidine,C4H4N2,69.25,33.066865064386
Ring structures,Pyrimidine,C4H4N2,70.0,33.459555439057254
Ring structures,Pyrimidine,C4H4N2,70.75,33.65563342093955
Ring structures,Pyrimidine,C4H4N2,71.5,33.793641679723514
Ring structures,Pyrimidine,C4H4N2,72.25,33.60676287627927
Ring structures,Pyrimidine,C4H4N2,73.0,33.988163967896966
Ring structures,Pyrimidine,C4H4N2,73.75,33.800136990678475
Ring structures,Pyrimidine,C4H4N2,74.5,33.90543778664866
Ring structures,Pyrimidine,C4H4N2,75.25,34.001449235971506
Ring structures,Pyrimidine,C4H4N2,76.0,34.02798804214024
Ring structures,Pyrimidine,C4H4N2,76.75,34.292704660212976
Ring structures,Pyrimidine,C4H4N2,77.5,34.350872816200756
Ring structures,Pyrimidine,C4H4N2,78.25,34.32927186515963
Ring structures,Pyrimidine,C4H4N2,79.0,34.53526865832051
Ring structures,Pyrimidine,C4H4N2,79.75,34.31342930901895
Ring structures,Pyrimidine,C4H4N2,80.5,34.459458717460706
Ring structures,Pyrimidine,C4H4N2,81.25,34.54577438035632
Ring structures,Pyrimidine,C4H4N2,82.0,34.71896846699175
Ring structures,Pyrimidine,C4H4N2,82.75,34.466576106664185
Ring structures,Pyrimidine,C4H4N2,83.5,34.71610503283597
Ring structures,Pyrimidine,C4H4N2,84.25,34.78507734358304
Ring structures,Pyrimidine,C4H4N2,85.0,34.61759868442213
Ring structures,Pyrimidine,C4H4N2,85.75,34.52089354090574
Ring structures,Pyrimidine,C4H4N2,86.5,34.88526927956056
Ring structures,Pyrimidine,C4H4N2,87.25,34.76881371712773
Ring structures,Pyrimidine,C4H4N2,88.0,34.76165581241217
Ring structures,Pyrimidine,C4H4N2,88.75,34.89329804309672
Ring structures,Pyrimidine,C4H4N2,89.5,34.88955279231813
Ring structures,Pyrimidine,C4H4N2,90.25,34.644276403795125
Ring structures,Pyrimidine,C4H4N2,91.0,34.73884785250818
Ring structures,Pyrimidine,C4H4N2,91.75,34.80027559817018
Ring structures,Pyrimidine,C4H4N2,92.5,34.92986299262184
Ring structures,Pyrimidine,C4H4N2,93.25,34.90153329944773
Ring structures,Pyrimidine,C4H4N2,94.0,34.89708107129313
Ring structures,Pyrimidine,C4H4N2,94.75,34.9772838479672
Ring structures,Pyrimidine,C4H4N2,95.5,34.93888485322939
Ring structures,Pyrimidine,C4H4N2,96.25,34.906819399515165
Ring structures,Pyrimidine,C4H4N2,97.0,34.992332690593855
Ring structures,Pyrimidine,C4H4N2,97.75,34.810532167898096
Ring structures,Pyrimidine,C4H4N2,98.5,35.03433411202676
Ring structures,Pyrimidine,C4H4N2,99.25,34.88897099436794
Ring structures,Pyrimidine,C4H4N2,100.0,34.81760411668416
Nucleotide bases,Adenine,C5H5N5,25.0,25.99536643280573
Nucleotide bases,Adenine,C5H5N5,25.75,27.02953844285401
Nucleotide bases,Adenine,C5H5N5,26.5,27.9071411698454
Nucleotide bases,Adenine,C5H5N5,27.25,29.3700695991763
Nucleotide bases,Adenine,C5H5N5,28.0,30.18509302216511
Nucleotide bases,Adenine,C5H5N5,28.75,31.287803638562536
Nucleotide bases,Adenine,C5H5N5,29.5,31.985722034437465
Nucleotide bases,Adenine,C5H5N5,30.25,33.06596694923505
Nucleotide bases,Adenine,C5H5N5,31.0,33.7654228206492
Nucleotide bases,Adenine,C5H5N5,31.75,34.44814297038622
Nucleotide bases,Adenine,C5H5N5,32.5,34.998803572126555
Nucleotide bases,Adenine,C5H5N5,33.25,35.893559484697256
Nucleotide bases,Adenine,C5H5N5,34.0,36.49594914899686
Nucleotide bases,Adenine,C5H5N5,34.75,37.23086439232185
Nucleotide bases,Adenine,C5H5N5,35.5,37.94026026671064
Nucleotide bases,Adenine,C5H5N5,36.25,38.410199804027286
Nucleotide bases,Adenine,C5H5N5,37.0,39.32593680794648
Nucleotide bases,Adenine,C5H5N5,37.75,39.72066638889873
Nucleotide bases,Adenine,C5H5N5,38.5,40.434037783009735
Nucleotide bases,Adenine,C5H5N5,39.25,40.69010484491413
Nucleotide bases,Adenine,C5H5N5,40.0,41.75719554326604
Nucleotide bases,Adenine,C5H5N5,40.75,42.119479801101285
Nucleotide bases,Adenine,C5H5N5,41.5,42.15968206582072
Nucleotide bases,Adenine,C5H5N5,42.25,42.77555510367143
Nucleotide bases,Adenine,C5H5N5,43.0,43.42179257595886
Nucleotide bases,Adenine,C5H5N5,43.75,43.82169931314835
Nucleotide bases,Adenine,C5H5N5,44.5,44.48254899683912
Nucleotide bases,Adenine,C5H5N5,45.25,44.22621360440458
Nucleotide bases,Adenine,C5H5N5,46.0,44.96088404339969
Nucleotide bases,Adenine,C5H5N5,46.75,45.29474358950589
Nucleotide bases,Adenine,C5H5N5,47.5,45.25875421756604
Nucleotide bases,Adenine,C5H5N5,48.25,46.14575594667409
Nucleotide bases,Adenine,C5H5N5,49.0,46.2482885501022
Nucleotide bases,Adenine,C5H5N5,49.75,46.46889152226561
Nucleotide bases,Adenine,C5H5N5,50.5,46.69324716405138
Nucleotide bases,Adenine,C5H5N5,51.25,46.59861821509843
Nucleotide bases,Adenine,C5H5N5,52.0,47.413081408964345
Nucleotide bases,Adenine,C5H5N5,52.75,47.42556474125055
Nucleotide bases,Adenine,C5H5N5,53.5,47.843719893340506
Nucleotide bases,Adenine,C5H5N5,54.25,47.884911538641546
Nucleotide bases,Adenine,C5H5N5,55.0,48.26203060514577
Nucleotide bases,Adenine,C5H5N5,55.75,48.222824947352564
Nucleotide bases,Adenine,C5H5N5,56.5,48.13947986621939
Nucleotide bases,Adenine,C5H5N5,57.25,48.66869036836763
Nucleotide bases,Adenine,C5H5N5,58.0,48.97327966582563
Nucleotide bases,Adenine,C5H5N5,58.75,49.42326449355913
Nucleotide bases,Adenine,C5H5N5,59.5,49.14960481130603
Nucleotide bases,Adenine,C5H5N5,60.25,49.626713142814765
Nucleotide bases,Adenine,C5H5N5,61.0,49.70026515612782
Nucleotide bases,Adenine,C5H5N5,61.75,50.370569280600094
Nucleotide bases,Adenine,C5H5N5,62.5,50.344994525181825
Nucleotide bases,Adenine,C5H5N5,63.25,50.505624749604365
Nucleotide bases,Adenine,C5H5N5,64.0,50.660684390565606
Nucleotide bases,Adenine,C5H5N5,64.75,50.812218382823424
Nucleotide bases,Adenine,C5H5N5,65.5,51.13666223555198
Nucleotide bases,Adenine,C5H5N5,66.25,51.02224133096708
Nucleotide bases,Adenine,C5H5N5,67.0,51.26929676183925
Nucleotide bases,Adenine,C5H5N5,67.75,51.68793902422907
Nucleotide bases,Adenine,C5H5N5,68.5,51.759600725476
Nucleotide bases,Adenine,C5H5N5,69.25,51.49742156226376
Nucleotide bases,Adenine,C5H5N5,70.0,52.14291891674431
Nucleotide bases,Adenine,C5H5N5,70.75,52.529835085798005
Nucleotide bases,Adenine,C5H5N5,71.5,52.70606160633099
Nucleotide bases,Adenine,C5H5N5,72.25,52.312008770500206
Nucleotide bases,Adenine,C5H5N5,73.0,52.82812298165137
Nucleotide bases,Adenine,C5H5N5,73.75,52.50785942014639
Nucleotide bases,Adenine,C5H5N5,74.5,52.64171533378423
Nucleotide bases,Adenine,C5H5N5,75.25,52.81549767995983
Nucleotide bases,Adenine,C5H5N5,76.0,52.84359212283951
Nucleotide bases,Adenine,C5H5N5,76.75,53.275401272567066
Nucleotide bases,Adenine,C5H5N5,77.5,53.3226251417101
Nucleotide bases,Adenine,C5H5N5,78.25,53.26099182020362
Nucleotide bases,Adenine,C5H5N5,79.0,53.66324105957292
Nucleotide bases,Adenine,C5H5N5,79.75,53.170988802046836
Nucleotide bases,Adenine,C5H5N5,80.5,53.50883421586977
Nucleotide bases,Adenine,C5H5N5,81.25,53.619852910079686
Nucleotide bases,Adenine,C5H5N5,82.0,53.87533374556726
Nucleotide bases,Adenine,C5H5N5,82.75,53.42514690154094
Nucleotide bases,Adenine,C5H5N5,83.5,53.83535850426218
Nucleotide bases,Adenine,C5H5N5,84.25,53.92520920656015
Nucleotide bases,Adenine,C5H5N5,85.0,53.67744081685282
Nucleotide bases,Adenine,C5H5N5,85.75,53.49959377611694
Nucleotide bases,Adenine,C5H5N5,86.5,54.22442687854588
Nucleotide bases,Adenine,C5H5N5,87.25,53.893487947234625
Nucleotide bases,Adenine,C5H5N5,88.0,53.88106871976218
Nucleotide bases,Adenine,C5H5N5,88.75,54.13279741941474
Nucleotide bases,Adenine,C5H5N5,89.5,54.14365712075283
Nucleotide bases,Adenine,C5H5N5,90.25,53.72484084742316
Nucleotide bases,Adenine,C5H5N5,91.0,53.80326620330666
Nucleotide bases,Adenine,C5H5N5,91.75,53.929269130309876
Nucleotide bases,Adenine,C5H5N5,92.5,54.030677670851155
Nucleotide bases,Adenine,C5H5N5,93.25,54.03772836402002
Nucleotide bases,Adenine,C5H5N5,94.0,53.99647109800318
Nucleotide bases,Adenine,C5H5N5,94.75,54.13951927782162
Nucleotide bases,Adenine,C5H5N5,95.5,54.02696292930265
Nucleotide bases,Adenine,C5H5N5,96.25,53.89461155414222
Nucleotide bases,Adenine,C5H5N5,97.0,54.09791320806883
Nucleotide bases,Adenine,C5H5N5,97.75,53.80361728565204
Nucleotide bases,Adenine,C5H5N5,98.5,54.19758318944497
Nucleotide bases,Adenine,C5H5N5,99.25,53.94674297944997
Nucleotide bases,Adenine,C5H5N5,100.0,53.854797998812934
Nucleotide bases,Thymine,C5H6N2O2,25.0,26.412919782242984
Nucleotide bases,Thymine,C5H6N2O2,25.75,27.448536050019513
Nucleotide bases,Thymine,C5H6N2O2,26.5,28.370016414054724
Nucleotide bases,Thymine,C5H6N2O2,27.25,29.59798650618729
Nucleotide bases,Thymine,C5H6N2O2,28.0,30.494893102006564
Nucleotide bases,Thymine,C5H6N2O2,28.75,31.567303256415933
Nucleotide bases,Thymine,C5H6N2O2,29.5,32.38231777913687
Nucleotide bases,Thymine,C5H6N2O2,30.25,33.33072992989442
Nucleotide bases,Thymine,C5H6N2O2,31.0,34.00891212359188
Nucleotide bases,Thymine,C5H6N2O2,31.75,34.727737403940026
Nucleotide bases,Thymine,C5H6N2O2,32.5,35.340645046411865
Nucleotide bases,Thymine,C5H6N2O2,33.25,36.13852524920866
Nucleotide bases,Thymine,C5H6N2O2,34.0,36.79692703028829
Nucleotide bases,Thymine,C5H6N2O2,34.75,37.529141526703654
Nucleotide bases,Thymine,C5H6N2O2,35.5,38.21643690475941
Nucleotide bases,Thymine,C5H6N2O2,36.25,38.76124915473692
Nucleotide bases,Thymine,C5H6N2O2,37.0,39.538841861501446
Nucleotide bases,Thymine,C5H6N2O2,37.75,40.05284913631887
Nucleotide bases,Thymine,C5H6N2O2,38.5,40.70081563720829
Nucleotide bases,Thymine,C5H6N2O2,39.25,41.13176646012631
Nucleotide bases,Thymine,C5H6N2O2,40.0,41.928635990332964
Nucleotide bases,Thymine,C5H6N2O2,40.75,42.36740253963171
Nucleotide bases,Thymine,C5H6N2O2,41.5,42.59008112871573
Nucleotide bases,Thymine,C5H6N2O2,42.25,43.17753354321653
Nucleotide bases,Thymine,C5H6N2O2,43.0,43.662606598790774
Nucleotide bases,Thymine,C5H6N2O2,43.75,44.06651804587519
Nucleotide bases,Thymine,C5H6N2O2,44.5,44.653771090820705
Nucleotide bases,Thymine,C5H6N2O2,45.25,44.70602984677433
Nucleotide bases,Thymine,C5H6N2O2,46.0,45.18337694401842
Nucleotide bases,Thymine,C5H6N2O2,46.75,45.49144870149174
Nucleotide bases,Thymine,C5H6N2O2,47.5,45.68514317675155
Nucleotide bases,Thymine,C5H6N2O2,48.25,46.313209963997025
Nucleotide bases,Thymine,C5H6N2O2,49.0,46.45711048753282
Nucleotide bases,Thymine,C5H6N2O2,49.75,46.72512271052536
Nucleotide bases,Thymine,C5H6N2O2,50.5,47.01265504526739
Nucleotide bases,Thymine,C5H6N2O2,51.25,47.075224287882534
Nucleotide bases,Thymine,C5H6N2O2,52.0,47.607440630527805
Nucleotide bases,Thymine,C5H6N2O2,52.75,47.70141304483932
Nucleotide bases,Thymine,C5H6N2O2,53.5,48.02540833947029
Nucleotide bases,Thymine,C5H6N2O2,54.25,48.17758984159403
Nucleotide bases,Thymine,C5H6N2O2,55.0,48.51221452681236
Nucleotide bases,Thymine,C5H6N2O2,55.75,48.5538108625565
Nucleotide bases,Thymine,C5H6N2O2,56.5,48.64732163297017
Nucleotide bases,Thymine,C5H6N2O2,57.25,48.99956349214731
Nucleotide bases,Thymine,C5H6N2O2,58.0,49.24508221194574
Nucleotide bases,Thymine,C5H6N2O2,58.75,49.59108364626391
Nucleotide bases,Thymine,C5H6N2O2,59.5,49.53925860608493
Nucleotide bases,Thymine,C5H6N2O2,60.25,49.884250675574535
Nucleotide bases,Thymine,C5H6N2O2,61.0,50.001377136167676
Nucleotide bases,Thymine,C5H6N2O2,61.75,50.43063527479911
Nucleotide bases,Thymine,C5H6N2O2,62.5,50.50410630851566
Nucleotide bases,Thymine,C5H6N2O2,63.25,50.70792426592081
Nucleotide bases,Thymine,C5H6N2O2,64.0,50.88634584807725
Nucleotide bases,Thymine,C5H6N2O2,64.75,51.0579862822658
Nucleotide bases,Thymine,C5H6N2O2,65.5,51.322191612611526
Nucleotide bases,Thymine,C5H6N2O2,66.25,51.34296461478873
Nucleotide bases,Thymine,C5H6N2O2,67.0,51.528926722554814
Nucleotide bases,Thymine,C5H6N2O2,67.75,51.84700534130044
Nucleotide bases,Thymine,C5H6N2O2,68.5,51.950672911783236
Nucleotide bases,Thymine,C5H6N2O2,69.25,51.87121659795363
Nucleotide bases,Thymine,C5H6N2O2,70.0,52.26172608258859
Nucleotide bases,Thymine,C5H6N2O2,70.75,52.55315912042994
Nucleotide bases,Thymine,C5H6N2O2,71.5,52.69477742567825
Nucleotide bases,Thymine,C5H6N2O2,72.25,52.56046353440577
Nucleotide bases,Thymine,C5H6N2O2,73.0,52.843075323151204
Nucleotide bases,Thymine,C5H6N2O2,73.75,52.767041131822126
Nucleotide bases,Thymine,C5H6N2O2,74.5,52.88486551753638
Nucleotide bases,Thymine,C5H6N2O2,75.25,53.03167604395933
Nucleotide bases,Thymine,C5H6N2O2,76.0,53.11407388326569
Nucleotide bases,Thymine,C5H6N2O2,76.75,53.36078217603326
Nucleotide bases,Thymine,C5H6N2O2,77.5,53.41136285435635
Nucleotide bases,Thymine,C5H6N2O2,78.25,53.421313583137106
Nucleotide bases,Thymine,C5H6N2O2,79.0,53.66999409697068
Nucleotide bases,Thymine,C5H6N2O2,79.75,53.46369803853753
Nucleotide bases,Thymine,C5H6N2O2,80.5,53.70005684105027
Nucleotide bases,Thymine,C5H6N2O2,81.25,53.76853918642906
Nucleotide bases,Thymine,C5H6N2O2,82.0,53.88522892116405
Nucleotide bases,Thymine,C5H6N2O2,82.75,53.711951331461094
Nucleotide bases,Thymine,C5H6N2O2,83.5,53.9186036739026
Nucleotide bases,Thymine,C5H6N2O2,84.25,53.99798968470963
Nucleotide bases,Thymine,C5H6N2O2,85.0,53.905137465841705
Nucleotide bases,Thymine,C5H6N2O2,85.75,53.824283418097316
Nucleotide bases,Thymine,C5H6N2O2,86.5,54.194126830594435
Nucleotide bases,Thymine,C5H6N2O2,87.25,54.0323062049314
Nucleotide bases,Thymine,C5H6N2O2,88.0,54.04988886827776
Nucleotide bases,Thymine,C5H6N2O2,88.75,54.18305900221209
Nucleotide bases,Thymine,C5H6N2O2,89.5,54.16886567641583
Nucleotide bases,Thymine,C5H6N2O2,90.25,54.02195949211346
Nucleotide bases,Thymine,C5H6N2O2,91.0,54.052786802955765
Nucleotide bases,Thymine,C5H6N2O2,91.75,54.15965371326589
Nucleotide bases,Thymine,C5H6N2O2,92.5,54.162580523396265
Nucleotide bases,Thymine,C5H6N2O2,93.25,54.196742865729945
Nucleotide bases,Thymine,C5H6N2O2,94.0,54.1882450040827
Nucleotide bases,Thymine,C5H6N2O2,94.75,54.24540050266563
Nucleotide bases,Thymine,C5H6N2O2,95.5,54.19831203503242
Nucleotide bases,Thymine,C5H6N2O2,96.25,54.118667182545735
Nucleotide bases,Thymine,C5H6N2O2,97.0,54.21291648003147
Nucleotide bases,Thymine,C5H6N2O2,97.75,54.061589563116314
Nucleotide bases,Thymine,C5H6N2O2,98.5,54.22889556730424
Nucleotide bases,Thymine,C5H6N2O2,99.25,54.08387942570533
Nucleotide bases,Thymine,C5H6N2O2,100.0,54.00325794006169
Nucleotide bases,Cytosine,C4H5N3O,25.0,22.48352295239005
Nucleotide bases,Cytosine,C4H5N3O,25.75,23.385514156815642
Nucleotide bases,Cytosine,C4H5N3O,26.5,24.16332365966815
Nucleotide bases,Cytosine,C4H5N3O,27.25,25.32638470994944
Nucleotide bases,Cytosine,C4H5N3O,28.0,26.065503951283063
Nucleotide bases,Cytosine,C4H5N3O,28.75,27.010973586877924
Nucleotide bases,Cytosine,C4H5N3O,29.5,27.67102943051266
Nucleotide bases,Cytosine,C4H5N3O,30.25,28.54757025697737
Nucleotide bases,Cytosine,C4H5N3O,31.0,29.137878213717347
Nucleotide bases,Cytosine,C4H5N3O,31.75,29.741785136233545
Nucleotide bases,Cytosine,C4H5N3O,32.5,30.243302052322395
Nucleotide bases,Cytosine,C4H5N3O,33.25,30.961319092474223
Nucleotide bases,Cytosine,C4H5N3O,34.0,31.50535682859991
Nucleotide bases,Cytosine,C4H5N3O,34.75,32.12959043457682
Nucleotide bases,Cytosine,C4H5N3O,35.5,32.72046071479157
Nucleotide bases,Cytosine,C4H5N3O,36.25,33.15191087833351
Nucleotide bases,Cytosine,C4H5N3O,37.0,33.881950997418656
Nucleotide bases,Cytosine,C4H5N3O,37.75,34.2710084592685
Nucleotide bases,Cytosine,C4H5N3O,38.5,34.84966586283838
Nucleotide bases,Cytosine,C4H5N3O,39.25,35.146794415486845
Nucleotide bases,Cytosine,C4H5N3O,40.0,35.94484465210538
Nucleotide bases,Cytosine,C4H5N3O,40.75,36.29012107964032
Nucleotide bases,Cytosine,C4H5N3O,41.5,36.418338528713065
Nucleotide bases,Cytosine,C4H5N3O,42.25,36.94475549325117
Nucleotide bases,Cytosine,C4H5N3O,43.0,37.44012085677381
Nucleotide bases,Cytosine,C4H5N3O,43.75,37.79679459235928
Nucleotide bases,Cytosine,C4H5N3O,44.5,38.334118431341444
Nucleotide bases,Cytosine,C4H5N3O,45.25,38.253372542927984
Nucleotide bases,Cytosine,C4H5N3O,46.0,38.77096373669142
Nucleotide bases,Cytosine,C4H5N3O,46.75,39.03676644416837
Nucleotide bases,Cytosine,C4H5N3O,47.5,39.10233405020469
Nucleotide bases,Cytosine,C4H5N3O,48.25,39.73493179366724
Nucleotide bases,Cytosine,C4H5N3O,49.0,39.835284656974444
Nucleotide bases,Cytosine,C4H5N3O,49.75,40.037964109712654
Nucleotide bases,Cytosine,C4H5N3O,50.5,40.25333965814857
Nucleotide bases,Cytosine,C4H5N3O,51.25,40.237220557777135
Nucleotide bases,Cytosine,C4H5N3O,52.0,40.80998511710728
Nucleotide bases,Cytosine,C4H5N3O,52.75,40.85120670695583
Nucleotide bases,Cytosine,C4H5N3O,53.5,41.17071408856974
Nucleotide bases,Cytosine,C4H5N3O,54.25,41.24762969457583
Nucleotide bases,Cytosine,C4H5N3O,55.0,41.548743922398586
Nucleotide bases,Cytosine,C4H5N3O,55.75,41.54867599975892
Nucleotide bases,Cytosine,C4H5N3O,56.5,41.54899103220549
Nucleotide bases,Cytosine,C4H5N3O,57.25,41.91745324101878
Nucleotide bases,Cytosine,C4H5N3O,58.0,42.14470032934498
Nucleotide bases,Cytosine,C4H5N3O,58.75,42.48141161815358
Nucleotide bases,Cytosine,C4H5N3O,59.5,42.33620384841029
Nucleotide bases,Cytosine,C4H5N3O,60.25,42.68225435275963
Nucleotide bases,Cytosine,C4H5N3O,61.0,42.75291647602858
Nucleotide bases,Cytosine,C4H5N3O,61.75,43.2111369840228
Nucleotide bases,Cytosine,C4H5N3O,62.5,43.2198215135445
Nucleotide bases,Cytosine,C4H5N3O,63.25,43.36687694141164
Nucleotide bases,Cytosine,C4H5N3O,64.0,43.49640429186845
Nucleotide bases,Cytosine,C4H5N3O,64.75,43.6242153686778
Nucleotide bases,Cytosine,C4H5N3O,65.5,43.866301015198104
Nucleotide bases,Cytosine,C4H5N3O,66.25,43.81762124657846
Nucleotide bases,Cytosine,C4H5N3O,67.0,43.99509124380753
Nucleotide bases,Cytosine,C4H5N3O,67.75,44.292955870668216
Nucleotide bases,Cytosine,C4H5N3O,68.5,44.368315764962865
Nucleotide bases,Cytosine,C4H5N3O,69.25,44.21257912651076
Nucleotide bases,Cytosine,C4H5N3O,70.0,44.64387522920218
Nucleotide bases,Cytosine,C4H5N3O,70.75,44.924972374290356
Nucleotide bases,Cytosine,C4H5N3O,71.5,45.05211951297496
Nucleotide bases,Cytosine,C4H5N3O,72.25,44.819278776639585
Nucleotide bases,Cytosine,C4H5N3O,73.0,45.14280517999405
Nucleotide bases,Cytosine,C4H5N3O,73.75,44.97216838610815
Nucleotide bases,Cytosine,C4H5N3O,74.5,45.07105626448776
Nucleotide bases,Cytosine,C4H5N3O,75.25,45.20220543448418
Nucleotide bases,Cytosine,C4H5N3O,76.0,45.24437529426185
Nucleotide bases,Cytosine,C4H5N3O,76.75,45.52872100481645
Nucleotide bases,Cytosine,C4H5N3O,77.5,45.56177231792983
Nucleotide bases,Cytosine,C4H5N3O,78.25,45.537765173222155
Nucleotide bases,Cytosine,C4H5N3O,79.0,45.812974049073986
Nucleotide bases,Cytosine,C4H5N3O,79.75,45.507606441912706
Nucleotide bases,Cytosine,C4H5N3O,80.5,45.75262890382887
Nucleotide bases,Cytosine,C4H5N3O,81.25,45.82225220540755
Nucleotide bases,Cytosine,C4H5N3O,82.0,45.97537844349443
Nucleotide bases,Cytosine,C4H5N3O,82.75,45.71046557924591
Nucleotide bases,Cytosine,C4H5N3O,83.5,45.96745414883642
Nucleotide bases,Cytosine,C4H5N3O,84.25,46.03380868702014
Nucleotide bases,Cytosine,C4H5N3O,85.0,45.89051758462387
Nucleotide bases,Cytosine,C4H5N3O,85.75,45.77996622154346
Nucleotide bases,Cytosine,C4H5N3O,86.5,46.24591720858485
Nucleotide bases,Cytosine,C4H5N3O,87.25,46.0294413775262
Nucleotide bases,Cytosine,C4H5N3O,88.0,46.029126161474025
Nucleotide bases,Cytosine,C4H5N3O,88.75,46.19193763548334
Nucleotide bases,Cytosine,C4H5N3O,89.5,46.190697877205096
Nucleotide bases,Cytosine,C4H5N3O,90.25,45.94746127551765
Nucleotide bases,Cytosine,C4H5N3O,91.0,45.98677516274264
Nucleotide bases,Cytosine,C4H5N3O,91.75,46.07791088531305
Nucleotide bases,Cytosine,C4H5N3O,92.5,46.11269695775681
Nucleotide bases,Cytosine,C4H5N3O,93.25,46.12598213537333
Nucleotide bases,Cytosine,C4H5N3O,94.0,46.09440805532335
Nucleotide bases,Cytosine,C4H5N3O,94.75,46.17776188109905
Nucleotide bases,Cytosine,C4H5N3O,95.5,46.102503320631776
Nucleotide bases,Cytosine,C4H5N3O,96.25,46.00479521952727
Nucleotide bases,Cytosine,C4H5N3O,97.0,46.13086413359164
Nucleotide bases,Cytosine,C4H5N3O,97.75,45.941562285347885
Nucleotide bases,Cytosine,C4H5N3O,98.5,46.177744167083084
Nucleotide bases,Cytosine,C4H5N3O,99.25,46.007304601251235
Nucleotide bases,Cytosine,C4H5N3O,100.0,45.93844254750305
Nucleotide bases,Guanine,C5H5N5O,25.0,28.198454569781962
Nucleotide bases,Guanine,C5H5N5O,25.75,29.357165579264308
Nucleotide bases,Guanine,C5H5N5O,26.5,30.287727606242317
Nucleotide bases,Guanine,C5H5N5O,27.25,31.872905546817904
Nucleotide bases,Guanine,C5H5N5O,28.0,32.74738475389706
Nucleotide bases,Guanine,C5H5N5O,28.75,33.967702728469696
Nucleotide bases,Guanine,C5H5N5O,29.5,34.75447898492467
Nucleotide bases,Guanine,C5H5N5O,30.25,35.8915330960931
Nucleotide bases,Guanine,C5H5N5O,31.0,36.62278388364069
Nucleotide bases,Guanine,C5H5N5O,31.75,37.3941642651344
Nucleotide bases,Guanine,C5H5N5O,32.5,37.98649977612198
Nucleotide bases,Guanine,C5H5N5O,33.25,38.923780918274495
Nucleotide bases,Guanine,C5H5N5O,34.0,39.59158568283906
Nucleotide bases,Guanine,C5H5N5O,34.75,40.38440035460615
Nucleotide bases,Guanine,C5H5N5O,35.5,41.131897548508874
Nucleotide bases,Guanine,C5H5N5O,36.25,41.65893192210508
Nucleotide bases,Guanine,C5H5N5O,37.0,42.64502412137038
Nucleotide bases,Guanine,C5H5N5O,37.75,43.1065559698411
Nucleotide bases,Guanine,C5H5N5O,38.5,43.835467094567385
Nucleotide bases,Guanine,C5H5N5O,39.25,44.14806930473102
Nucleotide bases,Guanine,C5H5N5O,40.0,45.2685546543458
Nucleotide bases,Guanine,C5H5N5O,40.75,45.663001281524124
Nucleotide bases,Guanine,C5H5N5O,41.5,45.734017044330194
Nucleotide bases,Guanine,C5H5N5O,42.25,46.465624687912104
Nucleotide bases,Guanine,C5H5N5O,43.0,47.11416518096541
Nucleotide bases,Guanine,C5H5N5O,43.75,47.58104899468182
Nucleotide bases,Guanine,C5H5N5O,44.5,48.279542197200264
Nucleotide bases,Guanine,C5H5N5O,45.25,48.05605710870955
Nucleotide bases,Guanine,C5H5N5O,46.0,48.78656399234372
Nucleotide bases,Guanine,C5H5N5O,46.75,49.109376945300525
Nucleotide bases,Guanine,C5H5N5O,47.5,49.138828787164854
Nucleotide bases,Guanine,C5H5N5O,48.25,50.04361266404812
Nucleotide bases,Guanine,C5H5N5O,49.0,50.1195341551128
Nucleotide bases,Guanine,C5H5N5O,49.75,50.35305007675013
Nucleotide bases,Guanine,C5H5N5O,50.5,50.61891045162669
Nucleotide bases,Guanine,C5H5N5O,51.25,50.53219973913226
Nucleotide bases,Guanine,C5H5N5O,52.0,51.36386753592757
Nucleotide bases,Guanine,C5H5N5O,52.75,51.3606821001029
Nucleotide bases,Guanine,C5H5N5O,53.5,51.80355812360928
Nucleotide bases,Guanine,C5H5N5O,54.25,51.86088109197917
Nucleotide bases,Guanine,C5H5N5O,55.0,52.27483056654766
Nucleotide bases,Guanine,C5H5N5O,55.75,52.225472584581176
Nucleotide bases,Guanine,C5H5N5O,56.5,52.18249576892915
Nucleotide bases,Guanine,C5H5N5O,57.25,52.70240669026434
Nucleotide bases,Guanine,C5H5N5O,58.0,52.994091901825016
Nucleotide bases,Guanine,C5H5N5O,58.75,53.46924672237726
Nucleotide bases,Guanine,C5H5N5O,59.5,53.19561551997002
Nucleotide bases,Guanine,C5H5N5O,60.25,53.69933795654297
Nucleotide bases,Guanine,C5H5N5O,61.0,53.7505752305138
Nucleotide bases,Guanine,C5H5N5O,61.75,54.419237726955565
Nucleotide bases,Guanine,C5H5N5O,62.5,54.38214245397549
Nucleotide bases,Guanine,C5H5N5O,63.25,54.5679715532332
Nucleotide bases,Guanine,C5H5N5O,64.0,54.72659507822399
Nucleotide bases,Guanine,C5H5N5O,64.75,54.88765736926112
Nucleotide bases,Guanine,C5H5N5O,65.5,55.234515367060034
Nucleotide bases,Guanine,C5H5N5O,66.25,55.13083043268115
Nucleotide bases,Guanine,C5H5N5O,67.0,55.380370804270115
Nucleotide bases,Guanine,C5H5N5O,67.75,55.78108688391847
Nucleotide bases,Guanine,C5H5N5O,68.5,55.87256082024
Nucleotide bases,Guanine,C5H5N5O,69.25,55.60532393580669
Nucleotide bases,Guanine,C5H5N5O,70.0,56.22967964971948
Nucleotide bases,Guanine,C5H5N5O,70.75,56.651068649309025
Nucleotide bases,Guanine,C5H5N5O,71.5,56.812662870824646
Nucleotide bases,Guanine,C5H5N5O,72.25,56.44423779768624
Nucleotide bases,Guanine,C5H5N5O,73.0,56.898335784037215
Nucleotide bases,Guanine,C5H5N5O,73.75,56.62402573578606
Nucleotide bases,Guanine,C5H5N5O,74.5,56.75378436996962
Nucleotide bases,Guanine,C5H5N5O,75.25,56.94458733317721
Nucleotide bases,Guanine,C5H5N5O,76.0,56.987336808091676
Nucleotide bases,Guanine,C5H5N5O,76.75,57.39057966693525
Nucleotide bases,Guanine,C5H5N5O,77.5,57.43587875335485
Nucleotide bases,Guanine,C5H5N5O,78.25,57.37898129365266
Nucleotide bases,Guanine,C5H5N5O,79.0,57.78773858431105
Nucleotide bases,Guanine,C5H5N5O,79.75,57.30308089090312
Nucleotide bases,Guanine,C5H5N5O,80.5,57.666470124515904
Nucleotide bases,Guanine,C5H5N5O,81.25,57.771190893170605
Nucleotide bases,Guanine,C5H5N5O,82.0,57.9969936842296
Nucleotide bases,Guanine,C5H5N5O,82.75,57.574892204775914
Nucleotide bases,Guanine,C5H5N5O,83.5,57.9563798263048
Nucleotide bases,Guanine,C5H5N5O,84.25,58.04463585361998
Nucleotide bases,Guanine,C5H5N5O,85.0,57.83270219685354
Nucleotide bases,Guanine,C5H5N5O,85.75,57.660560450047385
Nucleotide bases,Guanine,C5H5N5O,86.5,58.379704041493945
Nucleotide bases,Guanine,C5H5N5O,87.25,58.021042488137354
Nucleotide bases,Guanine,C5H5N5O,88.0,58.016556429031695
Nucleotide bases,Guanine,C5H5N5O,88.75,58.26307423131806
Nucleotide bases,Guanine,C5H5N5O,89.5,58.274470678361595
Nucleotide bases,Guanine,C5H5N5O,90.25,57.90094460843234
Nucleotide bases,Guanine,C5H5N5O,91.0,57.9351582024423
Nucleotide bases,Guanine,C5H5N5O,91.75,58.07614729748305
Nucleotide bases,Guanine,C5H5N5O,92.5,58.108604603658534
Nucleotide bases,Guanine,C5H5N5O,93.25,58.14285058274269
Nucleotide bases,Guanine,C5H5N5O,94.0,58.10340625615523
Nucleotide bases,Guanine,C5H5N5O,94.75,58.22289823179573
Nucleotide bases,Guanine,C5H5N5O,95.5,58.10536287155363
Nucleotide bases,Guanine,C5H5N5O,96.25,57.94564722183404
Nucleotide bases,Guanine,C5H5N5O,97.0,58.15291631248748
Nucleotide bases,Guanine,C5H5N5O,97.75,57.87737334853636
Nucleotide bases,Guanine,C5H5N5O,98.5,58.23499630703209
Nucleotide bases,Guanine,C5H5N5O,99.25,57.996474138959655
Nucleotide bases,Guanine,C5H5N5O,100.0,57.89574574142288
